Primer1;Primer2;Probe;Gene;ExpectedSize;Related to these resistances;Resistance mechanism;Antibiotic;AMR Gene Family
AAC(3)-Ia_fwd;AAC(3)-Ia_rev;AAC(3)-Ia_probe;AAC(3)-Ia;139;aminoglycoside antibiotic;antibiotic inactivation;sisomicin, gentamicin B, plazomicin, gentamicin C;AAC(3)
AAC(3)-IIa_fwd;AAC(3)-IIa_rev;AAC(3)-IIa_probe;AAC(3)-IIa;129;aminoglycoside antibiotic;antibiotic inactivation;gentamicin B, plazomicin, tobramycin, gentamicin C;AAC(3)
AAC(6')-Ii_fwd;AAC(6')-Ii_rev;AAC(6')-Ii_probe;AAC(6')-Ii;153;aminoglycoside antibiotic;antibiotic inactivation;kanamycin A, isepamicin, netilmicin, arbekacin, gentamicin B, tobramycin, sisomicin, amikacin, neomycin, dibekacin, plazomicin;AAC(6')
AAC(6')-IIa_fwd;AAC(6')-IIa_rev;AAC(6')-IIa_probe;AAC(6')-IIa;98;aminoglycoside antibiotic;antibiotic inactivation;kanamycin A, isepamicin, netilmicin, arbekacin, gentamicin B, tobramycin, sisomicin, amikacin, neomycin, dibekacin;AAC(6')
AAC(6')-IIc_fwd;AAC(6')-IIc_rev;AAC(6')-IIc_probe;AAC(6')-IIc;137;aminoglycoside antibiotic;antibiotic inactivation;kanamycin A, isepamicin, netilmicin, arbekacin, gentamicin B, tobramycin, sisomicin, amikacin, neomycin, dibekacin;AAC(6')
AAC(6')-Iu_fwd;AAC(6')-Iu_rev;AAC(6')-Iu_probe;AAC(6')-Iu;79;aminoglycoside antibiotic;antibiotic inactivation;kanamycin A, isepamicin, netilmicin, arbekacin, gentamicin B, tobramycin, sisomicin, amikacin, neomycin, dibekacin;AAC(6')
Aac3-VIa_fwd;Aac3-VIa_rev;Aac3-VIa_probe;AAC(3)-VIa;147;aminoglycoside antibiotic;antibiotic inactivation;gentamicin B, gentamicin C;AAC(3)
Aac6-Aph2_fwd;Aac6-Aph2_rev;Aac6-Aph2_probe;AAC(6')-Ie-APH(2'')-Ia;127;aminoglycoside antibiotic;antibiotic inactivation;gentamicin B, gentamicin C, isepamicin, arbekacin, netilmicin, kanamycin A, neomycin, amikacin, sisomicin, dibekacin, tobramycin, plazomicin;AAC(6'), APH(2'')
Aac6-Iaa_fwd;Aac6-Iaa_rev;Aac6-Iaa_probe;AAC(6')-Iaa;122;aminoglycoside antibiotic;antibiotic inactivation;gentamicin B, isepamicin, arbekacin, netilmicin, kanamycin A, neomycin, amikacin, sisomicin, dibekacin, tobramycin;AAC(6')
Aac6-Ib_fwd;Aac6-Ib_rev;Aac6-Ib_probe;AAC(6')-Ib;146;aminoglycoside antibiotic;antibiotic inactivation;gentamicin B, gentamicin C, isepamicin, arbekacin, netilmicin, kanamycin A, neomycin, amikacin, sisomicin, dibekacin, tobramycin, plazomicin;AAC(6'), AAC(3)
Aac6-Ic_fwd;Aac6-Ic_rev;Aac6-Ic_probe;AAC(6')-Ic;160;aminoglycoside antibiotic;antibiotic inactivation;gentamicin B, isepamicin, arbekacin, netilmicin, kanamycin A, neomycin, amikacin, sisomicin, dibekacin, tobramycin;AAC(6')
aad(6)_fwd;aad(6)_rev;aad(6)_probe;aad(6);160;aminoglycoside antibiotic;antibiotic inactivation;streptomycin;ANT(6)
aadA_fwd;aadA_rev;aadA_probe;aadA;92;aminoglycoside antibiotic;antibiotic inactivation;streptomycin, spectinomycin;ANT(3'')
aadA16_fwd;aadA16_rev;aadA16_probe;aadA16;112;aminoglycoside antibiotic;antibiotic inactivation;streptomycin, spectinomycin;ANT(3'')
AadA5_fwd;AadA5_rev;AadA5_probe;aadA5;121;aminoglycoside antibiotic;antibiotic inactivation;streptomycin, spectinomycin;ANT(3'')
AadA7_fwd;AadA7_rev;AadA7_probe;aadA7;135;aminoglycoside antibiotic;antibiotic inactivation;streptomycin, spectinomycin;ANT(3'')
AadB_fwd;AadB_rev;AadB_probe;ANT(2'')-Ia;124;aminoglycoside antibiotic;antibiotic inactivation;gentamicin B, gentamicin C, kanamycin A, tobramycin, plazomicin;ANT(2'')
aadK_fwd;aadK_rev;aadK_probe;aadK;147;aminoglycoside antibiotic;antibiotic inactivation;streptomycin;ANT(6)
abeS_fwd;abeS_rev;abeS_probe;abeS;97;macrolide antibiotic, aminocoumarin antibiotic;antibiotic efflux;novobiocin, erythromycin;small multidrug resistance (SMR) antibiotic efflux pump
ACC-1_fwd;ACC-1_rev;ACC-1_probe;ACC-1;96;cephalosporin, monobactam, penam;antibiotic inactivation;;ACC beta-lactamase
acrA_Escherichia_fwd;acrA_Escherichia_rev;acrA_Escherichia_probe;Escherichia coli acrA;120;tetracycline antibiotic, cephalosporin, phenicol antibiotic, glycylcycline, rifamycin antibiotic, fluoroquinolone antibiotic, triclosan, penam;antibiotic efflux;cefalotin, rifampin, chloramphenicol, tigecycline, tetracycline, ampicillin;resistance-nodulation-cell division (RND) antibiotic efflux pump
acrA_Klebsiella_fwd;acrA_Klebsiella_rev;acrA_Klebsiella_probe;Klebsiella pneumoniae acrA;96;tetracycline antibiotic, cephalosporin, phenicol antibiotic, glycylcycline, rifamycin antibiotic, fluoroquinolone antibiotic, triclosan, penam;antibiotic efflux;cefalotin, rifampin, chloramphenicol, tigecycline, tetracycline, ampicillin;resistance-nodulation-cell division (RND) antibiotic efflux pump
acrB_fwd;acrB_rev;acrB_probe;acrB;150;phenicol antibiotic, penam, glycylcycline, cephalosporin, tetracycline antibiotic, triclosan, rifamycin antibiotic, fluoroquinolone antibiotic;antibiotic efflux;tetracycline, rifampin, chloramphenicol, tigecycline, ampicillin, cefalotin;resistance-nodulation-cell division (RND) antibiotic efflux pump
acrD_fwd;acrD_rev;acrD_probe;acrD;81;aminoglycoside antibiotic;antibiotic efflux;;resistance-nodulation-cell division (RND) antibiotic efflux pump
acrE_fwd;acrE_rev;acrE_probe;AcrE;126;penam, cephalosporin, fluoroquinolone antibiotic, cephamycin;antibiotic efflux;ciprofloxacin;resistance-nodulation-cell division (RND) antibiotic efflux pump
acrF_fwd;acrF_rev;acrF_probe;AcrF;120;penam, cephalosporin, fluoroquinolone antibiotic, cephamycin;antibiotic efflux;ciprofloxacin;resistance-nodulation-cell division (RND) antibiotic efflux pump
acrS_fwd;acrS_rev;acrS_probe;AcrS;100;penam, glycylcycline, cephamycin, cephalosporin, phenicol antibiotic, tetracycline antibiotic, triclosan, rifamycin antibiotic, fluoroquinolone antibiotic;antibiotic efflux;tetracycline, chloramphenicol, tigecycline, ampicillin, cefalotin, ciprofloxacin, rifampin;resistance-nodulation-cell division (RND) antibiotic efflux pump
ACT-1_fwd;ACT-1_rev;ACT-1_probe;ACT-1;161;penam, cephamycin, cephalosporin, carbapenem;antibiotic inactivation;;ACT beta-lactamase
ACT-12_fwd;ACT-12_rev;ACT-12_probe;ACT-12;114;penam, cephamycin, cephalosporin, carbapenem;antibiotic inactivation;;ACT beta-lactamase
ACT-24_fwd;ACT-24_rev;ACT-24_probe;ACT-24;101;penam, cephamycin, cephalosporin, carbapenem;antibiotic inactivation;;ACT beta-lactamase
ACT-28_fwd;ACT-28_rev;ACT-28_probe;ACT-28;111;penam, cephamycin, cephalosporin, carbapenem;antibiotic inactivation;;ACT beta-lactamase
ADC-2_fwd;ADC-2_rev;ADC-2_probe;ADC-2;135;cephalosporin;antibiotic inactivation;;ADC beta-lactamase
adeA_fwd;adeA_rev;adeA_probe;adeA;139;tetracycline antibiotic, glycylcycline;antibiotic efflux;tigecycline, tetracycline;resistance-nodulation-cell division (RND) antibiotic efflux pump
adeB_fwd;adeB_rev;adeB_probe;adeB;140;tetracycline antibiotic, glycylcycline;antibiotic efflux;tigecycline, tetracycline;resistance-nodulation-cell division (RND) antibiotic efflux pump
adeC_fwd;adeC_rev;adeC_probe;adeC;126;tetracycline antibiotic, glycylcycline;antibiotic efflux;tigecycline, tetracycline;resistance-nodulation-cell division (RND) antibiotic efflux pump
adeF_fwd;adeF_rev;adeF_probe;adeF;114;tetracycline antibiotic, fluoroquinolone antibiotic;antibiotic efflux;tetracycline;resistance-nodulation-cell division (RND) antibiotic efflux pump
adeG_fwd;adeG_rev;adeG_probe;adeG;135;tetracycline antibiotic, fluoroquinolone antibiotic;antibiotic efflux;tetracycline;resistance-nodulation-cell division (RND) antibiotic efflux pump
adeI_fwd;adeI_rev;adeI_probe;adeI;107;diaminopyrimidine antibiotic, lincosamide antibiotic, macrolide antibiotic, cephalosporin, carbapenem, phenicol antibiotic, tetracycline antibiotic, penem, rifamycin antibiotic, fluoroquinolone antibiotic;antibiotic efflux;ticarcillin, tetracycline, chloramphenicol, rifampin, trimethoprim, imipenem;resistance-nodulation-cell division (RND) antibiotic efflux pump
adeJ_fwd;adeJ_rev;adeJ_probe;adeJ;123;diaminopyrimidine antibiotic, lincosamide antibiotic, macrolide antibiotic, cephalosporin, carbapenem, phenicol antibiotic, tetracycline antibiotic, penem, rifamycin antibiotic, fluoroquinolone antibiotic;antibiotic efflux;ticarcillin, tetracycline, chloramphenicol, rifampin, trimethoprim, imipenem;resistance-nodulation-cell division (RND) antibiotic efflux pump
adeK_fwd;adeK_rev;adeK_probe;adeK;139;diaminopyrimidine antibiotic, lincosamide antibiotic, macrolide antibiotic, cephalosporin, carbapenem, phenicol antibiotic, tetracycline antibiotic, penem, rifamycin antibiotic, fluoroquinolone antibiotic;antibiotic efflux;ticarcillin, tetracycline, chloramphenicol, rifampin, trimethoprim, imipenem;resistance-nodulation-cell division (RND) antibiotic efflux pump
adeN_fwd;adeN_rev;adeN_probe;adeN;131;diaminopyrimidine antibiotic, lincosamide antibiotic, macrolide antibiotic, cephalosporin, carbapenem, phenicol antibiotic, tetracycline antibiotic, penem, rifamycin antibiotic, fluoroquinolone antibiotic;antibiotic efflux;ticarcillin, tetracycline, chloramphenicol, rifampin, trimethoprim, imipenem;resistance-nodulation-cell division (RND) antibiotic efflux pump
adeR_fwd;adeR_rev;adeR_probe;adeR;108;tetracycline antibiotic, glycylcycline;antibiotic efflux;tigecycline, tetracycline;resistance-nodulation-cell division (RND) antibiotic efflux pump
adeS_fwd;adeS_rev;adeS_probe;adeS;142;tetracycline antibiotic, glycylcycline;antibiotic efflux;tigecycline, tetracycline;resistance-nodulation-cell division (RND) antibiotic efflux pump
AmpC2_Ecoli_fwd;AmpC2_Ecoli_rev;AmpC2_Ecoli_probe;Escherichia coli ampC beta-lactamase;158;cephalosporin, penam;antibiotic inactivation;penicillin;ampC-type beta-lactamase
amrA_fwd;amrA_rev;amrA_probe;amrA;131;aminoglycoside antibiotic;antibiotic efflux;;resistance-nodulation-cell division (RND) antibiotic efflux pump
amrB_fwd;amrB_rev;amrB_probe;amrB;148;aminoglycoside antibiotic;antibiotic efflux;;resistance-nodulation-cell division (RND) antibiotic efflux pump
ANT(4')-Ib_fwd;ANT(4')-Ib_rev;ANT(4')-Ib_probe;ANT(4')-Ib;132;aminoglycoside antibiotic;antibiotic inactivation;kanamycin A, isepamicin, ribostamycin, gentamicin B, neomycin, G418, paromomycin, tobramycin;ANT(4')
ANT(6)-Ia_fwd;ANT(6)-Ia_rev;ANT(6)-Ia_probe;ANT(6)-Ia;139;aminoglycoside antibiotic;antibiotic inactivation;streptomycin;ANT(6)
ANT(6)-Ib_fwd;ANT(6)-Ib_rev;ANT(6)-Ib_probe;ANT(6)-Ib;103;aminoglycoside antibiotic;antibiotic inactivation;streptomycin;ANT(6)
APH(3')-Ia_fwd;APH(3')-Ia_rev;APH(3')-Ia_probe;APH(3')-Ia;106;aminoglycoside antibiotic;antibiotic inactivation;kanamycin A, lividomycin B, paromomycin, ribostamycin, neomycin, G418, lividomycin A;APH(3')
APH(3')-IIa_fwd;APH(3')-IIa_rev;APH(3')-IIa_probe;APH(3')-IIa;84;aminoglycoside antibiotic;antibiotic inactivation;butirosin, paromomycin, ribostamycin, gentamicin B, neomycin, G418;APH(3')
Aph3-IIb_fwd;Aph3-IIb_rev;Aph3-IIb_probe;APH(3')-IIb;107;aminoglycoside antibiotic;antibiotic inactivation;gentamicin B, neomycin, G418, ribostamycin, butirosin, paromomycin, kanamycin A;APH(3')
Aph3-III_fwd;Aph3-III_rev;Aph3-III_probe;APH(3')-IIIa;116;aminoglycoside antibiotic;antibiotic inactivation;gentamicin B, lividomycin A, butirosin, G418, kanamycin A, neomycin, lividomycin B, paromomycin, ribostamycin, plazomicin;APH(3')
Aph4-Ia_fwd;Aph4-Ia_rev;Aph4-Ia_probe;APH(4)-Ia;135;aminoglycoside antibiotic;antibiotic inactivation;plazomicin, hygromycin B;APH(4)
Aph6-I_fwd;Aph6-I_rev;Aph6-I_probe;APH(6)-Ic;211;aminoglycoside antibiotic;antibiotic inactivation;streptomycin;APH(6)
ApmA_fwd;ApmA_rev;ApmA_probe;apmA;106;aminoglycoside antibiotic;antibiotic inactivation;apramycin;amp acetyltransferase
arlR_fwd;arlR_rev;arlR_probe;arlR;113;fluoroquinolone antibiotic, acridine dye;antibiotic efflux;acriflavin, norfloxacin, ciprofloxacin;major facilitator superfamily (MFS) antibiotic efflux pump
arlS_fwd;arlS_rev;arlS_probe;arlS;162;fluoroquinolone antibiotic, acridine dye;antibiotic efflux;acriflavin, norfloxacin, ciprofloxacin;major facilitator superfamily (MFS) antibiotic efflux pump
armA_fwd;armA_rev;armA_probe;armA;120;aminoglycoside antibiotic;antibiotic target alteration;kanamycin A, isepamicin, netilmicin, arbekacin, dibekacin, gentamicin C, tobramycin, sisomicin, gentamicin B, amikacin, G418;16S rRNA methyltransferase (G1405)
ArmR_fwd;ArmR_rev;ArmR_probe;ArmR;144;penam, diaminopyrimidine antibiotic, cephalosporin, carbapenem, penem, monobactam, sulfonamide antibiotic, cephamycin, phenicol antibiotic, peptide antibiotic, tetracycline antibiotic, macrolide antibiotic, aminocoumarin antibiotic, fluoroquinolone antibiotic;antibiotic efflux;trimethoprim-sulfamethoxazole, novobiocin, ceftazidime, ceftriaxone, erythromycin, ampicillin, trimethoprim, aztreonam, panipenem, meropenem, ciprofloxacin, tetracycline, chloramphenicol, sulfamethoxazole, azithromycin, amoxicillin;resistance-nodulation-cell division (RND) antibiotic efflux pump
arnA_1_fwd;arnA_1_rev;arnA_1_probe;arnA;102;peptide antibiotic;antibiotic target alteration;;pmr phosphoethanolamine transferase
arnA_2_fwd;arnA_2_rev;arnA_2_probe;arnA;117;peptide antibiotic;antibiotic target alteration;;pmr phosphoethanolamine transferase
Arr3_fwd;Arr3_rev;Arr3_probe;arr-3;110;rifamycin antibiotic;antibiotic inactivation;rifaximin, rifapentine, rifampin, rifabutin;rifampin ADP-ribosyltransferase (Arr)
bacA_fwd;bacA_rev;bacA_probe;bacA;83;peptide antibiotic;antibiotic target alteration;bacitracin F, bacitracin A, bacitracin B;undecaprenyl pyrophosphate related proteins
baeR_fwd;baeR_rev;baeR_probe;baeR;87;aminocoumarin antibiotic, aminoglycoside antibiotic;antibiotic efflux;novobiocin;resistance-nodulation-cell division (RND) antibiotic efflux pump
baeS_fwd;baeS_rev;baeS_probe;baeS;163;aminocoumarin antibiotic, aminoglycoside antibiotic;antibiotic efflux;novobiocin;resistance-nodulation-cell division (RND) antibiotic efflux pump
basS_fwd;basS_rev;basS_probe;basS;123;peptide antibiotic;antibiotic target alteration;;pmr phosphoethanolamine transferase
BcII_fwd;BcII_rev;BcII_probe;BcII;115;cephalosporin, penam;antibiotic inactivation;;Bc beta-lactamase
BLA1_fwd;BLA1_rev;BLA1_probe;Bla1;115;penam;antibiotic inactivation;;class A Bacillus anthracis Bla beta-lactamase
blmS_fwd;blmS_rev;blmS_probe;BRP(MBL);105;glycopeptide antibiotic;antibiotic inactivation;;Bleomycin resistant protein
blt_fwd;blt_rev;blt_probe;blt;109;acridine dye, fluoroquinolone antibiotic;antibiotic efflux;acriflavin;major facilitator superfamily (MFS) antibiotic efflux pump
bmr_fwd;bmr_rev;bmr_probe;bmr;106;nucleoside antibiotic, phenicol antibiotic, fluoroquinolone antibiotic, acridine dye;antibiotic efflux;acriflavin, puromycin, chloramphenicol;major facilitator superfamily (MFS) antibiotic efflux pump
CARB-22_fwd;CARB-22_rev;CARB-22_probe;CARB-22;123;penam;antibiotic inactivation;;CARB beta-lactamase
CARB-8_fwd;CARB-8_rev;CARB-8_probe;CARB-8;113;penam;antibiotic inactivation;;CARB beta-lactamase
cat_1_fwd;cat_1_rev;cat_1_probe;cat;110;phenicol antibiotic;antibiotic inactivation;;chloramphenicol acetyltransferase (CAT)
cat_2_fwd;cat_2_rev;cat_2_probe;cat;149;phenicol antibiotic;antibiotic inactivation;;chloramphenicol acetyltransferase (CAT)
Cat-86_fwd;Cat-86_rev;Cat-86_probe;Bacillus pumilus cat86;389;phenicol antibiotic;antibiotic inactivation;thiamphenicol, azidamfenicol, chloramphenicol;chloramphenicol acetyltransferase (CAT)
CatA1_fwd;CatA1_rev;CatA1_probe;catI;114;phenicol antibiotic;antibiotic inactivation;thiamphenicol, azidamfenicol, chloramphenicol;chloramphenicol acetyltransferase (CAT)
CatA3_fwd;CatA3_rev;CatA3_probe;catIII;159;phenicol antibiotic;antibiotic inactivation;thiamphenicol, azidamfenicol, chloramphenicol;chloramphenicol acetyltransferase (CAT)
CatB2_fwd;CatB2_rev;CatB2_probe;catB2;120;phenicol antibiotic;antibiotic inactivation;thiamphenicol, azidamfenicol, chloramphenicol;chloramphenicol acetyltransferase (CAT)
catB3_fwd;catB3_rev;catB3_probe;catB3;154;phenicol antibiotic;antibiotic inactivation;thiamphenicol, azidamfenicol, chloramphenicol;chloramphenicol acetyltransferase (CAT)
CatB7_fwd;CatB7_rev;CatB7_probe;Pseudomonas aeruginosa catB7;141;phenicol antibiotic;antibiotic inactivation;thiamphenicol, azidamfenicol, chloramphenicol;chloramphenicol acetyltransferase (CAT)
catB8_fwd;catB8_rev;catB8_probe;catB8;114;phenicol antibiotic;antibiotic inactivation;thiamphenicol, azidamfenicol, chloramphenicol;chloramphenicol acetyltransferase (CAT)
catB9_fwd;catB9_rev;catB9_probe;catB9;116;phenicol antibiotic;antibiotic inactivation;thiamphenicol, azidamfenicol, chloramphenicol;chloramphenicol acetyltransferase (CAT)
CblA-1_fwd;CblA-1_rev;CblA-1_probe;CblA-1;132;cephalosporin;antibiotic inactivation;cephaloridine;CblA beta-lactamase
cdeA_fwd;cdeA_rev;cdeA_probe;cdeA;157;acridine dye, fluoroquinolone antibiotic;antibiotic efflux;acriflavin;multidrug and toxic compound extrusion (MATE) transporter
ceoA_fwd;ceoA_rev;ceoA_probe;ceoA;281;aminoglycoside antibiotic, fluoroquinolone antibiotic;antibiotic efflux;;resistance-nodulation-cell division (RND) antibiotic efflux pump
cepA_fwd;cepA_rev;cepA_probe;cepA;138;cephalosporin;antibiotic inactivation;;cepA beta-lactamase
cfrA_fwd;cfrA_rev;cfrA_probe;cfrA;130;phenicol antibiotic, lincosamide antibiotic, streptogramin antibiotic, oxazolidinone antibiotic, macrolide antibiotic, pleuromutilin antibiotic;antibiotic target alteration;pristinamycin IIA, madumycin II, linezolid, chloramphenicol, griseoviridin, azidamfenicol, thiamphenicol, tiamulin, clindamycin, lincomycin, dalfopristin;Cfr 23S ribosomal RNA methyltransferase
CfxA2_fwd;CfxA2_rev;CfxA2_probe;CfxA2;124;cephamycin;antibiotic inactivation;;CfxA beta-lactamase
clbA_fwd;clbA_rev;clbA_probe;clbA;126;phenicol antibiotic, lincosamide antibiotic, streptogramin antibiotic, oxazolidinone antibiotic, macrolide antibiotic, pleuromutilin antibiotic;antibiotic target alteration;pristinamycin IIA, madumycin II, linezolid, chloramphenicol, griseoviridin, azidamfenicol, thiamphenicol, tiamulin, clindamycin, lincomycin, dalfopristin;Cfr 23S ribosomal RNA methyltransferase
cmeA_fwd;cmeA_rev;cmeA_probe;cmeA;167;fusidic acid, macrolide antibiotic, cephalosporin, fluoroquinolone antibiotic;antibiotic efflux;cefotaxime, erythromycin;resistance-nodulation-cell division (RND) antibiotic efflux pump
cmeB_fwd;cmeB_rev;cmeB_probe;cmeB;102;fusidic acid, macrolide antibiotic, cephalosporin, fluoroquinolone antibiotic;antibiotic efflux;cefotaxime, erythromycin;resistance-nodulation-cell division (RND) antibiotic efflux pump
cmeC_fwd;cmeC_rev;cmeC_probe;cmeC;147;fusidic acid, macrolide antibiotic, cephalosporin, fluoroquinolone antibiotic;antibiotic efflux;cefotaxime, erythromycin;resistance-nodulation-cell division (RND) antibiotic efflux pump
cmeR_fwd;cmeR_rev;cmeR_probe;cmeR;139;fusidic acid, macrolide antibiotic, cephalosporin, fluoroquinolone antibiotic;antibiotic efflux;cefotaxime, erythromycin;resistance-nodulation-cell division (RND) antibiotic efflux pump
CMY-10_fwd;CMY-10_rev;CMY-10_probe;CMY-10;149;cephamycin;antibiotic inactivation;;CMY beta-lactamase
CMY-2_fwd;CMY-2_rev;CMY-2_probe;CMY-2;111;cephamycin, cephalosporin;antibiotic inactivation;ceftazidime, cefoxitin;CMY beta-lactamase
cphA4_fwd;cphA4_rev;cphA4_probe;cphA4;192;carbapenem;antibiotic inactivation;;CphA beta-lactamase
cpxA_fwd;cpxA_rev;cpxA_probe;cpxA;79;aminocoumarin antibiotic, aminoglycoside antibiotic;antibiotic efflux;novobiocin;resistance-nodulation-cell division (RND) antibiotic efflux pump
CpxR_fwd;CpxR_rev;CpxR_probe;Pseudomonas aeruginosa CpxR;110;tetracycline antibiotic, macrolide antibiotic, penem, phenicol antibiotic, carbapenem, sulfonamide antibiotic, aminoglycoside antibiotic, peptide antibiotic, diaminopyrimidine antibiotic, aminocoumarin antibiotic, cephalosporin, penam, cephamycin, monobactam, fluoroquinolone antibiotic;antibiotic efflux;novobiocin, ceftriaxone, ceftazidime, azithromycin, panipenem, tetracycline, ciprofloxacin, trimethoprim-sulfamethoxazole, meropenem, chloramphenicol, aztreonam, amoxicillin, ampicillin, erythromycin, sulfamethoxazole, trimethoprim;resistance-nodulation-cell division (RND) antibiotic efflux pump
CRP_fwd;CRP_rev;CRP_probe;CRP;151;penam, macrolide antibiotic, fluoroquinolone antibiotic;antibiotic efflux;oxacillin, norfloxacin, erythromycin, cloxacillin;resistance-nodulation-cell division (RND) antibiotic efflux pump
CTX-M-15_fwd;CTX-M-15_rev;CTX-M-15_probe;CTX-M-15;140;cephalosporin;antibiotic inactivation;ceftazidime, cefalotin, ceftriaxone;CTX-M beta-lactamase
CTX-M-18_fwd;CTX-M-18_rev;CTX-M-18_probe;CTX-M-14;110;cephalosporin;antibiotic inactivation;;CTX-M beta-lactamase
CTX-M-2_fwd;CTX-M-2_rev;CTX-M-2_probe;CTX-M-2;154;cephalosporin;antibiotic inactivation;;CTX-M beta-lactamase
CTX-M-39_fwd;CTX-M-39_rev;CTX-M-39_probe;CTX-M-39;121;cephalosporin;antibiotic inactivation;;CTX-M beta-lactamase
DfrA1_fwd;DfrA1_rev;DfrA1_probe;dfrA1;104;diaminopyrimidine antibiotic;antibiotic target replacement;tetroxoprim, trimethoprim, brodimoprim, iclaprim;trimethoprim resistant dihydrofolate reductase dfr
DfrA12_fwd;DfrA12_rev;DfrA12_probe;dfrA12;152;diaminopyrimidine antibiotic;antibiotic target replacement;tetroxoprim, trimethoprim, brodimoprim, iclaprim;trimethoprim resistant dihydrofolate reductase dfr
DfrA14_fwd;DfrA14_rev;DfrA14_probe;dfrA14;126;diaminopyrimidine antibiotic;antibiotic target replacement;tetroxoprim, trimethoprim, brodimoprim, iclaprim;trimethoprim resistant dihydrofolate reductase dfr
DfrA15_fwd;DfrA15_rev;DfrA15_probe;dfrA15;129;diaminopyrimidine antibiotic;antibiotic target replacement;tetroxoprim, trimethoprim, brodimoprim, iclaprim;trimethoprim resistant dihydrofolate reductase dfr
dfrA19_fwd;dfrA19_rev;dfrA19_probe;dfrA19;108;diaminopyrimidine antibiotic;antibiotic target replacement;tetroxoprim, trimethoprim, brodimoprim, iclaprim;trimethoprim resistant dihydrofolate reductase dfr
DfrA21_fwd;DfrA21_rev;DfrA21_probe;dfrA21;124;diaminopyrimidine antibiotic;antibiotic target replacement;tetroxoprim, trimethoprim, brodimoprim, iclaprim;trimethoprim resistant dihydrofolate reductase dfr
dfrA25_fwd;dfrA25_rev;dfrA25_probe;dfrA25;150;diaminopyrimidine antibiotic;antibiotic target replacement;tetroxoprim, trimethoprim, brodimoprim, iclaprim;trimethoprim resistant dihydrofolate reductase dfr
dfrA5_fwd;dfrA5_rev;dfrA5_probe;dfrA5;111;diaminopyrimidine antibiotic;antibiotic target replacement;tetroxoprim, trimethoprim, brodimoprim, iclaprim;trimethoprim resistant dihydrofolate reductase dfr
DfrA8_fwd;DfrA8_rev;DfrA8_probe;dfrA8;145;diaminopyrimidine antibiotic;antibiotic target replacement;tetroxoprim, trimethoprim, brodimoprim, iclaprim;trimethoprim resistant dihydrofolate reductase dfr
DfrB4_fwd;DfrB4_rev;DfrB4_probe;dfrA2d;94;diaminopyrimidine antibiotic;antibiotic target replacement;tetroxoprim, brodimoprim, iclaprim, trimethoprim;trimethoprim resistant dihydrofolate reductase dfr
dfrC_fwd;dfrC_rev;dfrC_probe;dfrC;134;diaminopyrimidine antibiotic;antibiotic target replacement;tetroxoprim, trimethoprim, brodimoprim, iclaprim;trimethoprim resistant dihydrofolate reductase dfr
dfrF_fwd;dfrF_rev;dfrF_probe;dfrF;157;diaminopyrimidine antibiotic;antibiotic target replacement;tetroxoprim, trimethoprim, brodimoprim, iclaprim;trimethoprim resistant dihydrofolate reductase dfr
DfrG_fwd;DfrG_rev;DfrG_probe;dfrG;106;diaminopyrimidine antibiotic;antibiotic target replacement;tetroxoprim, trimethoprim, brodimoprim, iclaprim;trimethoprim resistant dihydrofolate reductase dfr
DfrK_fwd;DfrK_rev;DfrK_probe;dfrK;128;diaminopyrimidine antibiotic;antibiotic target replacement;tetroxoprim, trimethoprim, brodimoprim, iclaprim;trimethoprim resistant dihydrofolate reductase dfr
DHA-1_fwd;DHA-1_rev;DHA-1_probe;DHA-1;93;cephalosporin, cephamycin;antibiotic inactivation;;DHA beta-lactamase
efmA_fwd;efmA_rev;efmA_probe;efmA;114;macrolide antibiotic, fluoroquinolone antibiotic;antibiotic efflux;erythromycin;major facilitator superfamily (MFS) antibiotic efflux pump
efpA_fwd;efpA_rev;efpA_probe;efpA;117;rifamycin antibiotic, isoniazid;antibiotic efflux;rifampin;major facilitator superfamily (MFS) antibiotic efflux pump
emrA_fwd;emrA_rev;emrA_probe;emrA;107;fluoroquinolone antibiotic;antibiotic efflux;nalidixic acid;major facilitator superfamily (MFS) antibiotic efflux pump
emrB_fwd;emrB_rev;emrB_probe;emrB;146;fluoroquinolone antibiotic;antibiotic efflux;nalidixic acid;major facilitator superfamily (MFS) antibiotic efflux pump
emrK_fwd;emrK_rev;emrK_probe;emrK;129;tetracycline antibiotic;antibiotic efflux;tetracycline;major facilitator superfamily (MFS) antibiotic efflux pump
emrR_fwd;emrR_rev;emrR_probe;emrR;168;fluoroquinolone antibiotic;antibiotic efflux;nalidixic acid;major facilitator superfamily (MFS) antibiotic efflux pump
emrY_fwd;emrY_rev;emrY_probe;emrY;116;tetracycline antibiotic;antibiotic efflux;tetracycline;major facilitator superfamily (MFS) antibiotic efflux pump
Enterobacter_acrA_fwd;Enterobacter_acrA_rev;Enterobacter_acrA_probe;Enterobacter cloacae acrA;174;tetracycline antibiotic, cephalosporin, phenicol antibiotic, glycylcycline, rifamycin antibiotic, fluoroquinolone antibiotic, triclosan, penam;antibiotic efflux;cefalotin, rifampin, chloramphenicol, tigecycline, tetracycline, ampicillin;resistance-nodulation-cell division (RND) antibiotic efflux pump
EreA2_fwd;EreA2_rev;EreA2_probe;EreA2;130;macrolide antibiotic;antibiotic inactivation;erythromycin;macrolide esterase
ErmA_fwd;ErmA_rev;ErmA_probe;ErmA;127;lincosamide antibiotic, streptogramin antibiotic, macrolide antibiotic;antibiotic target alteration;quinupristin, pristinamycin IA, vernamycin C, clarithromycin, spiramycin, griseoviridin, oleandomycin, vernamycin B-gamma, roxithromycin, erythromycin, clindamycin, lincomycin, ostreogrycin B3, dirithromycin, tylosin, pristinamycin IIA, madumycin II, telithromycin, azithromycin, pristinamycin IB, dalfopristin, virginiamycin S2;Erm 23S ribosomal RNA methyltransferase
ErmB_fwd;ErmB_rev;ErmB_probe;ErmB;125;lincosamide antibiotic, streptogramin antibiotic, macrolide antibiotic;antibiotic target alteration;quinupristin, pristinamycin IA, vernamycin C, clarithromycin, spiramycin, griseoviridin, oleandomycin, vernamycin B-gamma, roxithromycin, erythromycin, clindamycin, lincomycin, ostreogrycin B3, dirithromycin, tylosin, pristinamycin IIA, madumycin II, telithromycin, azithromycin, pristinamycin IB, dalfopristin, virginiamycin S2;Erm 23S ribosomal RNA methyltransferase
ErmC_fwd;ErmC_rev;ErmC_probe;ErmC;82;lincosamide antibiotic, streptogramin antibiotic, macrolide antibiotic;antibiotic target alteration;quinupristin, pristinamycin IA, vernamycin C, clarithromycin, spiramycin, griseoviridin, oleandomycin, vernamycin B-gamma, roxithromycin, erythromycin, clindamycin, lincomycin, ostreogrycin B3, dirithromycin, tylosin, pristinamycin IIA, madumycin II, telithromycin, azithromycin, pristinamycin IB, dalfopristin, virginiamycin S2;Erm 23S ribosomal RNA methyltransferase
ErmF_fwd;ErmF_rev;ErmF_probe;ErmF;123;lincosamide antibiotic, streptogramin antibiotic, macrolide antibiotic;antibiotic target alteration;quinupristin, pristinamycin IA, vernamycin C, clarithromycin, spiramycin, griseoviridin, oleandomycin, vernamycin B-gamma, roxithromycin, erythromycin, clindamycin, lincomycin, ostreogrycin B3, dirithromycin, tylosin, pristinamycin IIA, madumycin II, telithromycin, azithromycin, pristinamycin IB, dalfopristin, virginiamycin S2;Erm 23S ribosomal RNA methyltransferase
ErmG_fwd;ErmG_rev;ErmG_probe;ErmG;127;lincosamide antibiotic, streptogramin antibiotic, macrolide antibiotic;antibiotic target alteration;quinupristin, pristinamycin IA, vernamycin C, clarithromycin, spiramycin, griseoviridin, oleandomycin, vernamycin B-gamma, roxithromycin, erythromycin, clindamycin, lincomycin, ostreogrycin B3, dirithromycin, tylosin, pristinamycin IIA, madumycin II, telithromycin, azithromycin, pristinamycin IB, dalfopristin, virginiamycin S2;Erm 23S ribosomal RNA methyltransferase
ErmT_fwd;ErmT_rev;ErmT_probe;ErmT;102;lincosamide antibiotic, streptogramin antibiotic, macrolide antibiotic;antibiotic target alteration;quinupristin, pristinamycin IA, vernamycin C, clarithromycin, spiramycin, griseoviridin, oleandomycin, vernamycin B-gamma, roxithromycin, erythromycin, clindamycin, lincomycin, ostreogrycin B3, dirithromycin, tylosin, pristinamycin IIA, madumycin II, telithromycin, azithromycin, pristinamycin IB, dalfopristin, virginiamycin S2;Erm 23S ribosomal RNA methyltransferase
ErmX_fwd;ErmX_rev;ErmX_probe;ErmX;154;lincosamide antibiotic, streptogramin antibiotic, macrolide antibiotic;antibiotic target alteration;quinupristin, pristinamycin IA, vernamycin C, clarithromycin, spiramycin, griseoviridin, oleandomycin, vernamycin B-gamma, roxithromycin, erythromycin, clindamycin, lincomycin, ostreogrycin B3, dirithromycin, tylosin, pristinamycin IIA, madumycin II, telithromycin, azithromycin, pristinamycin IB, dalfopristin, virginiamycin S2;Erm 23S ribosomal RNA methyltransferase
evgA_fwd;evgA_rev;evgA_probe;evgA;120;penam, tetracycline antibiotic, macrolide antibiotic, fluoroquinolone antibiotic;antibiotic efflux;oxacillin, cloxacillin, tetracycline, norfloxacin, erythromycin;major facilitator superfamily (MFS) antibiotic efflux pump, resistance-nodulation-cell division (RND) antibiotic efflux pump
evgS_fwd;evgS_rev;evgS_probe;evgS;163;penam, tetracycline antibiotic, macrolide antibiotic, fluoroquinolone antibiotic;antibiotic efflux;oxacillin, cloxacillin, tetracycline, norfloxacin, erythromycin;major facilitator superfamily (MFS) antibiotic efflux pump, resistance-nodulation-cell division (RND) antibiotic efflux pump
farA_fwd;farA_rev;farA_probe;farA;124;antibacterial free fatty acids;antibiotic efflux;linoleic acid, palmitic acid, oleic acid;major facilitator superfamily (MFS) antibiotic efflux pump
farB_fwd;farB_rev;farB_probe;farB;129;antibacterial free fatty acids;antibiotic efflux;linoleic acid, palmitic acid, oleic acid;major facilitator superfamily (MFS) antibiotic efflux pump
FexA_fwd;FexA_rev;FexA_probe;fexA;104;phenicol antibiotic;antibiotic efflux;florfenicol, chloramphenicol;major facilitator superfamily (MFS) antibiotic efflux pump
floR_fwd;floR_rev;floR_probe;floR;96;phenicol antibiotic;antibiotic efflux;florfenicol, chloramphenicol;major facilitator superfamily (MFS) antibiotic efflux pump
FosA_1_fwd;FosA_1_rev;FosA_1_probe;FosA;114;fosfomycin;antibiotic inactivation;;fosfomycin thiol transferase
FosA_2_fwd;FosA_2_rev;FosA_2_probe;FosA3;129;fosfomycin;antibiotic inactivation;;fosfomycin thiol transferase
FosA2_fwd;FosA2_rev;FosA2_probe;FosA2;67;fosfomycin;antibiotic inactivation;;fosfomycin thiol transferase
FosA5_fwd;FosA5_rev;FosA5_probe;FosA5;121;fosfomycin;antibiotic inactivation;;fosfomycin thiol transferase
FosB_fwd;FosB_rev;FosB_probe;FosB;155;fosfomycin;antibiotic inactivation;;fosfomycin thiol transferase
FosX_fwd;FosX_rev;FosX_probe;FosX;151;fosfomycin;antibiotic inactivation;;fosfomycin thiol transferase
FOX-5_fwd;FOX-5_rev;FOX-5_probe;FOX-5;126;cephalosporin, cephamycin;antibiotic inactivation;;FOX beta-lactamase
fusB_fwd;fusB_rev;fusB_probe;fusB;145;fusidic acid;antibiotic inactivation;;fusidic acid inactivation enzyme
gadW_fwd;gadW_rev;gadW_probe;gadW;157;penam, macrolide antibiotic, fluoroquinolone antibiotic;antibiotic efflux;oxacillin, norfloxacin, erythromycin, cloxacillin;resistance-nodulation-cell division (RND) antibiotic efflux pump
gadX_fwd;gadX_rev;gadX_probe;gadX;95;penam, macrolide antibiotic, fluoroquinolone antibiotic;antibiotic efflux;oxacillin, norfloxacin, erythromycin, cloxacillin;resistance-nodulation-cell division (RND) antibiotic efflux pump
GES-7_fwd;GES-7_rev;GES-7_probe;GES-7;128;cephalosporin, carbapenem, penam;antibiotic inactivation;;GES beta-lactamase
GIM-1_fwd;GIM-1_rev;GIM-1_probe;GIM-1;160;penam, cephamycin, penem, cephalosporin, carbapenem, monobactam;antibiotic inactivation;;GIM beta-lactamase
golS_fwd;golS_rev;golS_probe;golS;131;cephalosporin, penam, cephamycin, carbapenem, phenicol antibiotic, monobactam, penem;antibiotic efflux;chloramphenicol;resistance-nodulation-cell division (RND) antibiotic efflux pump
H-NS_fwd;H-NS_rev;H-NS_probe;H-NS;114;cephamycin, cephalosporin, tetracycline antibiotic, macrolide antibiotic, penam, fluoroquinolone antibiotic;antibiotic efflux;oxacillin, cloxacillin, tetracycline, norfloxacin, erythromycin, ciprofloxacin;major facilitator superfamily (MFS) antibiotic efflux pump, resistance-nodulation-cell division (RND) antibiotic efflux pump
HERA-7_fwd;HERA-7_rev;HERA-7_probe;HERA-1;94;penam;antibiotic inactivation;;HERA beta-lactamase
hmrM_fwd;hmrM_rev;hmrM_probe;hmrM;160;acridine dye, fluoroquinolone antibiotic;antibiotic efflux;acriflavin, norfloxacin;multidrug and toxic compound extrusion (MATE) transporter
hp1181_fwd;hp1181_rev;hp1181_probe;hp1181;105;nitroimidazole antibiotic, tetracycline antibiotic, fluoroquinolone antibiotic;antibiotic efflux;tetracycline, metronidazole, ciprofloxacin;major facilitator superfamily (MFS) antibiotic efflux pump
ileS_type_fwd;ileS_type_rev;ileS_type_probe;Bifidobacterium ileS conferring resistance to mupirocin;132;mupirocin;antibiotic target alteration;;antibiotic resistant isoleucyl-tRNA synthetase (ileS)
IMP-1_fwd;IMP-1_rev;IMP-1_probe;IMP-1;120;penam, penem, cephalosporin, carbapenem, cephamycin;antibiotic inactivation;;IMP beta-lactamase
IMP-11_fwd;IMP-11_rev;IMP-11_probe;IMP-11;102;penam, penem, cephalosporin, carbapenem, cephamycin;antibiotic inactivation;;IMP beta-lactamase
IMP-15_fwd;IMP-15_rev;IMP-15_probe;IMP-15;123;penam, penem, cephalosporin, carbapenem, cephamycin;antibiotic inactivation;;IMP beta-lactamase
IMP-19_fwd;IMP-19_rev;IMP-19_probe;IMP-19;92;penam, penem, cephalosporin, carbapenem, cephamycin;antibiotic inactivation;;IMP beta-lactamase
IMP-29_fwd;IMP-29_rev;IMP-29_probe;IMP-29;116;penam, penem, cephalosporin, carbapenem, cephamycin;antibiotic inactivation;;IMP beta-lactamase
IMP-39_fwd;IMP-39_rev;IMP-39_probe;IMP-1;122;cephalosporin, penem, penam, carbapenem, cephamycin;antibiotic inactivation;;IMP beta-lactamase
IMP-9_fwd;IMP-9_rev;IMP-9_probe;IMP-9;135;penam, penem, cephalosporin, carbapenem, cephamycin;antibiotic inactivation;;IMP beta-lactamase
IND2a_fwd;IND2a_rev;IND2a_probe;IND-2a;153;carbapenem;antibiotic inactivation;;IND beta-lactamase
KPC-3_fwd;KPC-3_rev;KPC-3_probe;KPC-3;147;penam, cephalosporin, carbapenem, monobactam;antibiotic inactivation;;KPC beta-lactamase
leuO_fwd;leuO_rev;leuO_probe;leuO;110;nucleoside antibiotic, acridine dye;antibiotic efflux;;major facilitator superfamily (MFS) antibiotic efflux pump
Listeria_fwd;Listeria_rev;Listeria_probe;Listeria monocytogenes mprF;133;peptide antibiotic;antibiotic target alteration;defensin;defensin resistant mprF
lmrB_fwd;lmrB_rev;lmrB_probe;lmrB;119;lincosamide antibiotic;antibiotic efflux;;ATP-binding cassette (ABC) antibiotic efflux pump
lmrC_fwd;lmrC_rev;lmrC_probe;lmrC;104;lincosamide antibiotic;antibiotic target protection;;ABC-F ATP-binding cassette ribosomal protection protein
lmrD_fwd;lmrD_rev;lmrD_probe;lmrD;168;lincosamide antibiotic;antibiotic efflux;;ATP-binding cassette (ABC) antibiotic efflux pump
lmrP_fwd;lmrP_rev;lmrP_probe;lmrP;87;lincosamide antibiotic, tetracycline antibiotic, macrolide antibiotic, streptogramin antibiotic;antibiotic efflux;;major facilitator superfamily (MFS) antibiotic efflux pump
LnuA_fwd;LnuA_rev;LnuA_probe;lnuA;137;lincosamide antibiotic;antibiotic inactivation;;lincosamide nucleotidyltransferase (LNU)
lnuB_fwd;lnuB_rev;lnuB_probe;lnuB;145;lincosamide antibiotic;antibiotic inactivation;;lincosamide nucleotidyltransferase (LNU)
lnuC_fwd;lnuC_rev;lnuC_probe;lnuC;119;lincosamide antibiotic;antibiotic inactivation;;lincosamide nucleotidyltransferase (LNU)
LnuF_fwd;LnuF_rev;LnuF_probe;lnuF;99;lincosamide antibiotic;antibiotic inactivation;;lincosamide nucleotidyltransferase (LNU)
LsaA_fwd;LsaA_rev;LsaA_probe;lsaA;98;lincosamide antibiotic, pleuromutilin antibiotic, streptogramin antibiotic;antibiotic target protection;quinupristin, pleuromutilin, clindamycin, dalfopristin;ABC-F ATP-binding cassette ribosomal protection protein
LsaC_fwd;LsaC_rev;LsaC_probe;lsaC;248;lincosamide antibiotic, pleuromutilin antibiotic, streptogramin antibiotic;antibiotic target protection;pleuromutilin;ABC-F ATP-binding cassette ribosomal protection protein
lsaE_fwd;lsaE_rev;lsaE_probe;lsaE;106;pleuromutilin antibiotic, lincosamide antibiotic;antibiotic target protection;pleuromutilin;ABC-F ATP-binding cassette ribosomal protection protein
macA_fwd;macA_rev;macA_probe;macA;126;macrolide antibiotic;antibiotic efflux;erythromycin;ATP-binding cassette (ABC) antibiotic efflux pump
macB_fwd;macB_rev;macB_probe;macB;117;macrolide antibiotic;antibiotic efflux;erythromycin;ATP-binding cassette (ABC) antibiotic efflux pump
marA_fwd;marA_rev;marA_probe;marA;150;penam, glycylcycline, cephamycin, cephalosporin, carbapenem, monobactam, penem, rifamycin antibiotic, phenicol antibiotic, tetracycline antibiotic, triclosan, fluoroquinolone antibiotic;reduced permeability to antibiotic, antibiotic efflux;tigecycline, ampicillin, tetracycline, chloramphenicol, rifampin, cefalotin;General Bacterial Porin with reduced permeability to beta-lactams, resistance-nodulation-cell division (RND) antibiotic efflux pump
mdfA_fwd;mdfA_rev;mdfA_probe;Escherichia coli mdfA;143;rhodamine, benzalkonium chloride, tetracycline antibiotic;antibiotic efflux;tetracycline;major facilitator superfamily (MFS) antibiotic efflux pump
mdsA_fwd;mdsA_rev;mdsA_probe;mdsA;109;phenicol antibiotic, penam, monobactam, penem, cephalosporin, carbapenem, cephamycin;antibiotic efflux;chloramphenicol;resistance-nodulation-cell division (RND) antibiotic efflux pump
mdsB_fwd;mdsB_rev;mdsB_probe;mdsB;128;phenicol antibiotic, penam, monobactam, penem, cephalosporin, carbapenem, cephamycin;antibiotic efflux;chloramphenicol;resistance-nodulation-cell division (RND) antibiotic efflux pump
mdsC_fwd;mdsC_rev;mdsC_probe;mdsC;141;phenicol antibiotic, penam, monobactam, penem, cephalosporin, carbapenem, cephamycin;antibiotic efflux;chloramphenicol;resistance-nodulation-cell division (RND) antibiotic efflux pump
mdtA_fwd;mdtA_rev;mdtA_probe;mdtA;82;aminocoumarin antibiotic;antibiotic efflux;novobiocin;resistance-nodulation-cell division (RND) antibiotic efflux pump
mdtB_fwd;mdtB_rev;mdtB_probe;mdtB;111;aminocoumarin antibiotic;antibiotic efflux;novobiocin;resistance-nodulation-cell division (RND) antibiotic efflux pump
mdtE_fwd;mdtE_rev;mdtE_probe;mdtE;119;penam, macrolide antibiotic, fluoroquinolone antibiotic;antibiotic efflux;oxacillin, norfloxacin, erythromycin, cloxacillin;resistance-nodulation-cell division (RND) antibiotic efflux pump
mdtF_fwd;mdtF_rev;mdtF_probe;mdtF;113;penam, macrolide antibiotic, fluoroquinolone antibiotic;antibiotic efflux;oxacillin, norfloxacin, erythromycin, cloxacillin;resistance-nodulation-cell division (RND) antibiotic efflux pump
mdtG_fwd;mdtG_rev;mdtG_probe;mdtG;76;fosfomycin;antibiotic efflux;;major facilitator superfamily (MFS) antibiotic efflux pump
mdtH_fwd;mdtH_rev;mdtH_probe;mdtH;126;fluoroquinolone antibiotic;antibiotic efflux;norfloxacin, enoxacin;major facilitator superfamily (MFS) antibiotic efflux pump
mdtM_fwd;mdtM_rev;mdtM_probe;mdtM;148;nucleoside antibiotic, lincosamide antibiotic, phenicol antibiotic, acridine dye, fluoroquinolone antibiotic;antibiotic efflux;norfloxacin, puromycin, chloramphenicol, acriflavin, lincomycin;major facilitator superfamily (MFS) antibiotic efflux pump
mdtN_fwd;mdtN_rev;mdtN_probe;mdtN;118;nucleoside antibiotic, acridine dye;antibiotic efflux;acriflavin, puromycin;major facilitator superfamily (MFS) antibiotic efflux pump
mdtO_fwd;mdtO_rev;mdtO_probe;mdtO;121;nucleoside antibiotic, acridine dye;antibiotic efflux;acriflavin, puromycin;major facilitator superfamily (MFS) antibiotic efflux pump
mdtP_fwd;mdtP_rev;mdtP_probe;mdtP;114;nucleoside antibiotic, acridine dye;antibiotic efflux;acriflavin, puromycin;major facilitator superfamily (MFS) antibiotic efflux pump
mecA_fwd;mecA_rev;mecA_probe;mecA;146;penam, cephalosporin, carbapenem, monobactam, cephamycin;antibiotic target replacement;cefazolin, flucloxacillin, cephapirin, cloxacillin, mezlocillin, carbenicillin, ceftiofur, cefdinir, mecillinam, doripenem, piperacillin, ampicillin, ceftazidime, cefprozil, imipenem, cefmetazole, azlocillin, ceftobiprole, cefotaxime, moxalactam, cefoxitin, cefalexin, ceftriaxone, ceftaroline, amoxicillin, cefonicid, propicillin, cefepime, dicloxacillin, ceftizoxime, ertapenem, benzylpenicillin, cefixime, oxacillin, isopenicillin N, penicillin, cefaclor, aztreonam, cefuroxime, meropenem, cefradine, loracarbef, cefotiam, cefadroxil, phenoxymethylpenicillin, methicillin, ceftibuten, penicillin N, cefditoren, cefalotin, cefpodoxime;methicillin resistant PBP2
mecI_fwd;mecI_rev;mecI_probe;mecI;104;penam, cephalosporin, carbapenem, monobactam, cephamycin;antibiotic target replacement;cefazolin, flucloxacillin, cephapirin, cloxacillin, mezlocillin, carbenicillin, ceftiofur, cefdinir, mecillinam, doripenem, piperacillin, ampicillin, ceftazidime, cefprozil, imipenem, cefmetazole, azlocillin, ceftobiprole, cefotaxime, moxalactam, cefoxitin, cefalexin, ceftriaxone, ceftaroline, amoxicillin, cefonicid, propicillin, cefepime, dicloxacillin, ceftizoxime, ertapenem, benzylpenicillin, cefixime, oxacillin, isopenicillin N, penicillin, cefaclor, aztreonam, cefuroxime, meropenem, cefradine, loracarbef, cefotiam, cefadroxil, phenoxymethylpenicillin, methicillin, ceftibuten, penicillin N, cefditoren, cefalotin, cefpodoxime;methicillin resistant PBP2
mecR1_fwd;mecR1_rev;mecR1_probe;mecR1;132;penam, cephalosporin, carbapenem, monobactam, cephamycin;antibiotic target replacement;cefazolin, flucloxacillin, cephapirin, cloxacillin, mezlocillin, carbenicillin, ceftiofur, cefdinir, mecillinam, doripenem, piperacillin, ampicillin, ceftazidime, cefprozil, imipenem, cefmetazole, azlocillin, ceftobiprole, cefotaxime, moxalactam, cefoxitin, cefalexin, ceftriaxone, ceftaroline, amoxicillin, cefonicid, propicillin, cefepime, dicloxacillin, ceftizoxime, ertapenem, benzylpenicillin, cefixime, oxacillin, isopenicillin N, penicillin, cefaclor, aztreonam, cefuroxime, meropenem, cefradine, loracarbef, cefotiam, cefadroxil, phenoxymethylpenicillin, methicillin, ceftibuten, penicillin N, cefditoren, cefalotin, cefpodoxime;methicillin resistant PBP2
MefA_fwd;MefA_rev;MefA_probe;mefA;129;macrolide antibiotic;antibiotic efflux;;major facilitator superfamily (MFS) antibiotic efflux pump
MefB_fwd;MefB_rev;MefB_probe;mef(B);116;macrolide antibiotic;antibiotic efflux;;major facilitator superfamily (MFS) antibiotic efflux pump
mel_fwd;mel_rev;mel_probe;mel;123;macrolide antibiotic, streptogramin antibiotic;antibiotic target protection;erythromycin, telithromycin;ABC-F ATP-binding cassette ribosomal protection protein
mepA_fwd;mepA_rev;mepA_probe;mepA;122;tetracycline antibiotic, glycylcycline;antibiotic efflux;tigecycline, tetracycline;multidrug and toxic compound extrusion (MATE) transporter
mepR_fwd;mepR_rev;mepR_probe;mepR;134;tetracycline antibiotic, glycylcycline;antibiotic efflux;tigecycline, tetracycline;multidrug and toxic compound extrusion (MATE) transporter
MexA_fwd;MexA_rev;MexA_probe;MexA;116;penam, diaminopyrimidine antibiotic, carbapenem, cephalosporin, penem, monobactam, sulfonamide antibiotic, cephamycin, phenicol antibiotic, peptide antibiotic, tetracycline antibiotic, macrolide antibiotic, aminocoumarin antibiotic, fluoroquinolone antibiotic;antibiotic efflux;trimethoprim-sulfamethoxazole, novobiocin, ceftazidime, nalidixic acid, ceftriaxone, erythromycin, ampicillin, trimethoprim, aztreonam, panipenem, meropenem, ciprofloxacin, ticarcillin, tetracycline, chloramphenicol, sulfamethoxazole, azithromycin, amoxicillin;resistance-nodulation-cell division (RND) antibiotic efflux pump
MexB_fwd;MexB_rev;MexB_probe;MexB;80;penam, diaminopyrimidine antibiotic, carbapenem, cephalosporin, penem, monobactam, sulfonamide antibiotic, cephamycin, phenicol antibiotic, peptide antibiotic, tetracycline antibiotic, macrolide antibiotic, aminocoumarin antibiotic, fluoroquinolone antibiotic;antibiotic efflux;trimethoprim-sulfamethoxazole, novobiocin, ceftazidime, nalidixic acid, ceftriaxone, erythromycin, ampicillin, trimethoprim, aztreonam, panipenem, meropenem, ciprofloxacin, ticarcillin, tetracycline, chloramphenicol, sulfamethoxazole, azithromycin, amoxicillin;resistance-nodulation-cell division (RND) antibiotic efflux pump
MexC_fwd;MexC_rev;MexC_probe;MexC;83;penam, diaminopyrimidine antibiotic, aminocoumarin antibiotic, aminoglycoside antibiotic, tetracycline antibiotic, cephalosporin, macrolide antibiotic, phenicol antibiotic, fluoroquinolone antibiotic;antibiotic efflux;novobiocin, tetracycline, ofloxacin, gentamicin C, chloramphenicol, trimethoprim, erythromycin;resistance-nodulation-cell division (RND) antibiotic efflux pump
MexD_fwd;MexD_rev;MexD_probe;MexD;114;penam, diaminopyrimidine antibiotic, aminocoumarin antibiotic, aminoglycoside antibiotic, tetracycline antibiotic, cephalosporin, macrolide antibiotic, phenicol antibiotic, fluoroquinolone antibiotic;antibiotic efflux;novobiocin, tetracycline, ofloxacin, gentamicin C, chloramphenicol, trimethoprim, erythromycin;resistance-nodulation-cell division (RND) antibiotic efflux pump
MexE_fwd;MexE_rev;MexE_probe;MexE;144;diaminopyrimidine antibiotic, phenicol antibiotic, fluoroquinolone antibiotic;antibiotic efflux;trimethoprim, norfloxacin, ciprofloxacin, chloramphenicol;resistance-nodulation-cell division (RND) antibiotic efflux pump
MexF_fwd;MexF_rev;MexF_probe;MexF;126;diaminopyrimidine antibiotic, phenicol antibiotic, fluoroquinolone antibiotic;antibiotic efflux;trimethoprim, norfloxacin, ciprofloxacin, chloramphenicol;resistance-nodulation-cell division (RND) antibiotic efflux pump
mexG_fwd;mexG_rev;mexG_probe;MexG;106;tetracycline antibiotic, acridine dye, fluoroquinolone antibiotic;antibiotic efflux;acriflavin, norfloxacin, tetracycline;resistance-nodulation-cell division (RND) antibiotic efflux pump
mexH_fwd;mexH_rev;mexH_probe;MexH;139;tetracycline antibiotic, acridine dye, fluoroquinolone antibiotic;antibiotic efflux;acriflavin, norfloxacin, tetracycline;resistance-nodulation-cell division (RND) antibiotic efflux pump
mexI_fwd;mexI_rev;mexI_probe;MexI;135;tetracycline antibiotic, acridine dye, fluoroquinolone antibiotic;antibiotic efflux;acriflavin, norfloxacin, tetracycline;resistance-nodulation-cell division (RND) antibiotic efflux pump
mexJ_fwd;mexJ_rev;mexJ_probe;MexJ;119;tetracycline antibiotic, triclosan, macrolide antibiotic;antibiotic efflux;tetracycline, erythromycin;resistance-nodulation-cell division (RND) antibiotic efflux pump
mexK_fwd;mexK_rev;mexK_probe;MexK;89;tetracycline antibiotic, triclosan, macrolide antibiotic;antibiotic efflux;tetracycline, erythromycin;resistance-nodulation-cell division (RND) antibiotic efflux pump
mexL_fwd;mexL_rev;mexL_probe;MexL;127;tetracycline antibiotic, triclosan, macrolide antibiotic;antibiotic efflux;tetracycline, erythromycin;resistance-nodulation-cell division (RND) antibiotic efflux pump
mexM_fwd;mexM_rev;mexM_probe;mexM;79;phenicol antibiotic;antibiotic efflux;thiamphenicol, chloramphenicol;resistance-nodulation-cell division (RND) antibiotic efflux pump
mexP_fwd;mexP_rev;mexP_probe;mexP;114;diaminopyrimidine antibiotic, macrolide antibiotic, carbapenem, tetracycline antibiotic, phenicol antibiotic, acridine dye;antibiotic efflux;rokitamycin, acriflavin, tetracycline, chloramphenicol, kitasamycin, thiamphenicol, trimethoprim, erythromycin, imipenem;resistance-nodulation-cell division (RND) antibiotic efflux pump
mexQ_fwd;mexQ_rev;mexQ_probe;mexQ;135;diaminopyrimidine antibiotic, macrolide antibiotic, carbapenem, tetracycline antibiotic, phenicol antibiotic, acridine dye;antibiotic efflux;rokitamycin, acriflavin, tetracycline, chloramphenicol, kitasamycin, thiamphenicol, trimethoprim, erythromycin, imipenem;resistance-nodulation-cell division (RND) antibiotic efflux pump
mexV_fwd;mexV_rev;mexV_probe;MexV;148;phenicol antibiotic, tetracycline antibiotic, macrolide antibiotic, acridine dye, fluoroquinolone antibiotic;antibiotic efflux;tetracycline, chloramphenicol, acriflavin, erythromycin;resistance-nodulation-cell division (RND) antibiotic efflux pump
mexW_fwd;mexW_rev;mexW_probe;MexW;144;phenicol antibiotic, tetracycline antibiotic, macrolide antibiotic, acridine dye, fluoroquinolone antibiotic;antibiotic efflux;tetracycline, chloramphenicol, acriflavin, erythromycin;resistance-nodulation-cell division (RND) antibiotic efflux pump
mgrA_fwd;mgrA_rev;mgrA_probe;mgrA;146;acridine dye, cephalosporin, peptide antibiotic, tetracycline antibiotic, penam, fluoroquinolone antibiotic;antibiotic efflux;sparfloxacin, cefotaxime, norfloxacin, tetracycline, daptomycin, methicillin, acriflavin, moxifloxacin, ciprofloxacin;major facilitator superfamily (MFS) antibiotic efflux pump, ATP-binding cassette (ABC) antibiotic efflux pump
mph_fwd;mph_rev;mph_probe;Bacillus Cluster A intrinsic mph;100;macrolide antibiotic;antibiotic inactivation;;macrolide phosphotransferase (MPH)
mphA_fwd;mphA_rev;mphA_probe;mphA;120;macrolide antibiotic;antibiotic inactivation;azithromycin, clarithromycin, oleandomycin, roxithromycin, erythromycin, dirithromycin, telithromycin;macrolide phosphotransferase (MPH)
MphC_fwd;MphC_rev;MphC_probe;mphC;127;macrolide antibiotic;antibiotic inactivation;dirithromycin, tylosin, clarithromycin, spiramycin, telithromycin, azithromycin, oleandomycin, roxithromycin, erythromycin;macrolide phosphotransferase (MPH)
mphD_fwd;mphD_rev;mphD_probe;mphD;110;macrolide antibiotic;antibiotic inactivation;;macrolide phosphotransferase (MPH)
Mrx_fwd;Mrx_rev;Mrx_probe;Mrx;128;macrolide antibiotic;antibiotic inactivation;;macrolide phosphotransferase (MPH)
msbA_fwd;msbA_rev;msbA_probe;msbA;103;nitroimidazole antibiotic;antibiotic efflux;metronidazole;ATP-binding cassette (ABC) antibiotic efflux pump
MsrA_fwd;MsrA_rev;MsrA_probe;msrA;148;macrolide antibiotic, streptogramin antibiotic;antibiotic target protection;erythromycin, quinupristin;ABC-F ATP-binding cassette ribosomal protection protein
msrC_fwd;msrC_rev;msrC_probe;msrC;97;streptogramin antibiotic, macrolide antibiotic;antibiotic target protection;erythromycin;ABC-F ATP-binding cassette ribosomal protection protein
MsrE_fwd;MsrE_rev;MsrE_probe;msrE;113;streptogramin antibiotic, macrolide antibiotic;antibiotic target protection;erythromycin;ABC-F ATP-binding cassette ribosomal protection protein
mtrA_fwd;mtrA_rev;mtrA_probe;mtrA;126;penam, macrolide antibiotic;antibiotic efflux;azithromycin, erythromycin, penicillin;resistance-nodulation-cell division (RND) antibiotic efflux pump
mtrC_fwd;mtrC_rev;mtrC_probe;mtrC;130;penam, macrolide antibiotic;antibiotic efflux;azithromycin, erythromycin, penicillin;resistance-nodulation-cell division (RND) antibiotic efflux pump
mtrD_fwd;mtrD_rev;mtrD_probe;mtrD;117;penam, macrolide antibiotic;antibiotic efflux;azithromycin, erythromycin, penicillin;resistance-nodulation-cell division (RND) antibiotic efflux pump
mtrE_fwd;mtrE_rev;mtrE_probe;mtrE;109;penam, macrolide antibiotic;antibiotic efflux;azithromycin, erythromycin, penicillin;resistance-nodulation-cell division (RND) antibiotic efflux pump
mtrR_fwd;mtrR_rev;mtrR_probe;mtrR;121;penam, antibacterial free fatty acids, macrolide antibiotic;antibiotic efflux;palmitic acid, penicillin, azithromycin, linoleic acid, erythromycin, oleic acid;major facilitator superfamily (MFS) antibiotic efflux pump, resistance-nodulation-cell division (RND) antibiotic efflux pump
murA_fwd;murA_rev;murA_probe;Chlamydia trachomatis intrinsic murA conferring resistance to fosfomycin;110;fosfomycin;antibiotic target alteration;;murA transferase
MuxA_fwd;MuxA_rev;MuxA_probe;MuxA;107;aminocoumarin antibiotic, tetracycline antibiotic, monobactam, macrolide antibiotic;antibiotic efflux;novobiocin, tetracycline, kitasamycin, rokitamycin, aztreonam, erythromycin;resistance-nodulation-cell division (RND) antibiotic efflux pump
MuxB_fwd;MuxB_rev;MuxB_probe;MuxB;147;aminocoumarin antibiotic, tetracycline antibiotic, monobactam, macrolide antibiotic;antibiotic efflux;novobiocin, tetracycline, kitasamycin, rokitamycin, aztreonam, erythromycin;resistance-nodulation-cell division (RND) antibiotic efflux pump
MuxC_fwd;MuxC_rev;MuxC_probe;MuxC;99;aminocoumarin antibiotic, tetracycline antibiotic, monobactam, macrolide antibiotic;antibiotic efflux;novobiocin, tetracycline, kitasamycin, rokitamycin, aztreonam, erythromycin;resistance-nodulation-cell division (RND) antibiotic efflux pump
NDM-1_fwd;NDM-1_rev;NDM-1_probe;NDM-1;115;cephalosporin, penam, cephamycin, carbapenem;antibiotic inactivation;amoxicillin, imipenem, meropenem, ertapenem;NDM beta-lactamase
NMC-A_fwd;NMC-A_rev;NMC-A_probe;NmcA;119;cephalosporin, cephamycin, penam, carbapenem;antibiotic inactivation;ampicillin, cefoxitin, amoxicillin, cefazolin;NmcA beta-lactamase
norA_fwd;norA_rev;norA_probe;norA;116;fluoroquinolone antibiotic, acridine dye;antibiotic efflux;acriflavin, norfloxacin, ciprofloxacin;major facilitator superfamily (MFS) antibiotic efflux pump
norB_fwd;norB_rev;norB_probe;norB;145;fluoroquinolone antibiotic;antibiotic efflux;moxifloxacin, norfloxacin, sparfloxacin, ciprofloxacin;major facilitator superfamily (MFS) antibiotic efflux pump
OCH-1_fwd;OCH-1_rev;OCH-1_probe;OCH-1;93;penam, monobactam, cephamycin, penem, cephalosporin;antibiotic inactivation;;OCH beta-lactamase
OKP-A-8_fwd;OKP-A-8_rev;OKP-A-8_probe;OKP-A-8;116;penam, cephalosporin;antibiotic inactivation;;OKP beta-lactamase
opcM_fwd;opcM_rev;opcM_probe;opcM;280;aminoglycoside antibiotic, fluoroquinolone antibiotic;antibiotic efflux;;resistance-nodulation-cell division (RND) antibiotic efflux pump
OpmB_fwd;OpmB_rev;OpmB_probe;OpmB;127;aminocoumarin antibiotic, tetracycline antibiotic, monobactam, macrolide antibiotic;antibiotic efflux;novobiocin, tetracycline, kitasamycin, rokitamycin, aztreonam, erythromycin;resistance-nodulation-cell division (RND) antibiotic efflux pump
opmD_fwd;opmD_rev;opmD_probe;OpmD;158;tetracycline antibiotic, acridine dye, fluoroquinolone antibiotic;antibiotic efflux;acriflavin, norfloxacin, tetracycline;resistance-nodulation-cell division (RND) antibiotic efflux pump
opmE_fwd;opmE_rev;opmE_probe;opmE;95;diaminopyrimidine antibiotic, macrolide antibiotic, carbapenem, tetracycline antibiotic, phenicol antibiotic, acridine dye;antibiotic efflux;rokitamycin, acriflavin, tetracycline, chloramphenicol, kitasamycin, thiamphenicol, trimethoprim, erythromycin, imipenem;resistance-nodulation-cell division (RND) antibiotic efflux pump
OpmH_fwd;OpmH_rev;OpmH_probe;OpmH;114;triclosan;antibiotic efflux;;resistance-nodulation-cell division (RND) antibiotic efflux pump
OprJ_fwd;OprJ_rev;OprJ_probe;OprJ;76;penam, diaminopyrimidine antibiotic, aminocoumarin antibiotic, aminoglycoside antibiotic, tetracycline antibiotic, cephalosporin, macrolide antibiotic, phenicol antibiotic, fluoroquinolone antibiotic;antibiotic efflux;novobiocin, tetracycline, ofloxacin, gentamicin C, chloramphenicol, trimethoprim, erythromycin;resistance-nodulation-cell division (RND) antibiotic efflux pump
OprM_fwd;OprM_rev;OprM_probe;OprM;101;penam, cephalosporin, carbapenem, aminoglycoside antibiotic, sulfonamide antibiotic, peptide antibiotic, phenicol antibiotic, tetracycline antibiotic, aminocoumarin antibiotic, fluoroquinolone antibiotic, cephamycin, monobactam, penem, acridine dye, diaminopyrimidine antibiotic, macrolide antibiotic;antibiotic efflux;trimethoprim, gentamicin C, tobramycin, ampicillin, ceftazidime, amikacin, erythromycin, tetracycline, ceftriaxone, ciprofloxacin, ofloxacin, trimethoprim-sulfamethoxazole, aztreonam, nalidixic acid, acriflavin, panipenem, meropenem, ticarcillin, norfloxacin, chloramphenicol, sulfamethoxazole, amoxicillin, azithromycin, thiamphenicol, novobiocin;resistance-nodulation-cell division (RND) antibiotic efflux pump
OprN_fwd;OprN_rev;OprN_probe;OprN;174;diaminopyrimidine antibiotic, phenicol antibiotic, fluoroquinolone antibiotic;antibiotic efflux;trimethoprim, norfloxacin, ciprofloxacin, chloramphenicol;resistance-nodulation-cell division (RND) antibiotic efflux pump
oqxA_fwd;oqxA_rev;oqxA_probe;oqxA;116;glycylcycline, tetracycline antibiotic, nitrofuran antibiotic, diaminopyrimidine antibiotic, fluoroquinolone antibiotic;antibiotic efflux;nitrofurantoin, tigecycline, trimethoprim, ciprofloxacin;resistance-nodulation-cell division (RND) antibiotic efflux pump
oqxB_fwd;oqxB_rev;oqxB_probe;oqxB;87;glycylcycline, tetracycline antibiotic, nitrofuran antibiotic, diaminopyrimidine antibiotic, fluoroquinolone antibiotic;antibiotic efflux;nitrofurantoin, tigecycline, trimethoprim, ciprofloxacin;resistance-nodulation-cell division (RND) antibiotic efflux pump
OXA-1_fwd;OXA-1_rev;OXA-1_probe;OXA-1;114;penam, cephalosporin;antibiotic inactivation;piperacillin, amoxicillin, cefalotin;OXA beta-lactamase
OXA-10_fwd;OXA-10_rev;OXA-10_probe;OXA-10;141;cephalosporin, penam;antibiotic inactivation;;OXA beta-lactamase
OXA-114a_fwd;OXA-114a_rev;OXA-114a_probe;OXA-114a;122;cephalosporin, penam;antibiotic inactivation;;OXA beta-lactamase
OXA-12_fwd;OXA-12_rev;OXA-12_probe;OXA-12;111;cephalosporin, penam;antibiotic inactivation;;OXA beta-lactamase
OXA-134_fwd;OXA-134_rev;OXA-134_probe;OXA-134;168;cephalosporin, penam;antibiotic inactivation;;OXA beta-lactamase
OXA-137_fwd;OXA-137_rev;OXA-137_probe;OXA-137;143;cephalosporin, penam;antibiotic inactivation;;OXA beta-lactamase
OXA-2_fwd;OXA-2_rev;OXA-2_probe;OXA-2;117;penam, carbapenem, cephalosporin;antibiotic inactivation;amoxicillin, ampicillin, ceftazidime, meropenem;OXA beta-lactamase
OXA-213_fwd;OXA-213_rev;OXA-213_probe;OXA-213;146;cephalosporin, penam;antibiotic inactivation;;OXA beta-lactamase
OXA-229_fwd;OXA-229_rev;OXA-229_probe;OXA-229;98;cephalosporin, penam;antibiotic inactivation;;OXA beta-lactamase
OXA-23_fwd;OXA-23_rev;OXA-23_probe;OXA-23;96;cephalosporin, penam;antibiotic inactivation;;OXA beta-lactamase
OXA-235_fwd;OXA-235_rev;OXA-235_probe;OXA-235;99;cephalosporin, penam;antibiotic inactivation;;OXA beta-lactamase
OXA-421_fwd;OXA-421_rev;OXA-421_probe;OXA-421;134;cephalosporin, penam;antibiotic inactivation;;OXA beta-lactamase
OXA-48_fwd;OXA-48_rev;OXA-48_probe;OXA-48;137;cephalosporin, penam;antibiotic inactivation;temocillin;OXA beta-lactamase
OXA-50_fwd;OXA-50_rev;OXA-50_probe;OXA-50;140;penam, cephalosporin;antibiotic inactivation;ampicillin, cefalotin;OXA beta-lactamase
OXA-58_fwd;OXA-58_rev;OXA-58_probe;OXA-58;119;cephalosporin, penam;antibiotic inactivation;;OXA beta-lactamase
OXA-59_fwd;OXA-59_rev;OXA-59_probe;OXA-59;146;cephalosporin, penam;antibiotic inactivation;;OXA beta-lactamase
OXA-61_fwd;OXA-61_rev;OXA-61_probe;OXA-61;102;cephalosporin, penam;antibiotic inactivation;;OXA beta-lactamase
OXA-66_fwd;OXA-66_rev;OXA-66_probe;OXA-66;160;cephalosporin, penam;antibiotic inactivation;;OXA beta-lactamase
OXA-72_fwd;OXA-72_rev;OXA-72_probe;OXA-72;145;cephalosporin, penam;antibiotic inactivation;;OXA beta-lactamase
OXA-9_fwd;OXA-9_rev;OXA-9_probe;OXA-9;90;cephalosporin, penam;antibiotic inactivation;;OXA beta-lactamase
OXY2-5_fwd;OXY2-5_rev;OXY2-5_probe;OXY-2-5;92;cephalosporin, monobactam, penam;antibiotic inactivation;;OXY beta-lactamase
OXY6-4_fwd;OXY6-4_rev;OXY6-4_probe;OXY-6-4;230;cephalosporin, monobactam, penam;antibiotic inactivation;;OXY beta-lactamase
patB_fwd;patB_rev;patB_probe;patB;151;fluoroquinolone antibiotic;antibiotic efflux;norfloxacin, ciprofloxacin;ATP-binding cassette (ABC) antibiotic efflux pump
PDC-1_fwd;PDC-1_rev;PDC-1_probe;PDC-1;93;carbapenem, cephalosporin, monobactam;antibiotic inactivation;;PDC beta-lactamase
PER-1_fwd;PER-1_rev;PER-1_probe;PER-1;121;penam, monobactam, penem, cephalosporin, carbapenem;antibiotic inactivation;;PER beta-lactamase
pgpB_fwd;pgpB_rev;pgpB_probe;pgpB;129;peptide antibiotic;antibiotic target alteration;;lipid A phosphatase
pmrA_fwd;pmrA_rev;pmrA_probe;pmrA;119;fluoroquinolone antibiotic;antibiotic efflux;norfloxacin, ciprofloxacin;major facilitator superfamily (MFS) antibiotic efflux pump
PmrC_fwd;PmrC_rev;PmrC_probe;eptA;123;peptide antibiotic;antibiotic target alteration;;pmr phosphoethanolamine transferase
PmrE_fwd;PmrE_rev;PmrE_probe;ugd;80;peptide antibiotic;antibiotic target alteration;;pmr phosphoethanolamine transferase
PmrF_fwd;PmrF_rev;PmrF_probe;PmrF;92;peptide antibiotic;antibiotic target alteration;;pmr phosphoethanolamine transferase
qacA_fwd;qacA_rev;qacA_probe;qacA;119;fluoroquinolone antibiotic;antibiotic efflux;;major facilitator superfamily (MFS) antibiotic efflux pump
Qnr-A1_fwd;Qnr-A1_rev;Qnr-A1_probe;QnrA1;127;fluoroquinolone antibiotic;antibiotic target protection;ciprofloxacin, nalidixic acid, sparfloxacin, gatifloxacin, levofloxacin, moxifloxacin, norfloxacin;quinolone resistance protein (qnr)
Qnr-S1_fwd;Qnr-S1_rev;Qnr-S1_probe;QnrS1;134;fluoroquinolone antibiotic;antibiotic target protection;ciprofloxacin, nalidixic acid, sparfloxacin, gatifloxacin, levofloxacin, moxifloxacin, norfloxacin;quinolone resistance protein (qnr)
QnrB19_fwd;QnrB19_rev;QnrB19_probe;QnrB19;137;fluoroquinolone antibiotic;antibiotic target protection;norfloxacin, nalidixic acid, gatifloxacin, sparfloxacin, moxifloxacin, ciprofloxacin, levofloxacin;quinolone resistance protein (qnr)
QnrB38_fwd;QnrB38_rev;QnrB38_probe;QnrB38;85;fluoroquinolone antibiotic;antibiotic target protection;norfloxacin, nalidixic acid, gatifloxacin, sparfloxacin, moxifloxacin, ciprofloxacin, levofloxacin;quinolone resistance protein (qnr)
QnrB4_fwd;QnrB4_rev;QnrB4_probe;QnrB4;137;fluoroquinolone antibiotic;antibiotic target protection;norfloxacin, nalidixic acid, gatifloxacin, sparfloxacin, moxifloxacin, ciprofloxacin, levofloxacin;quinolone resistance protein (qnr)
QnrD_fwd;QnrD_rev;QnrD_probe;QnrD1;104;fluoroquinolone antibiotic;antibiotic target protection;ciprofloxacin, nalidixic acid, sparfloxacin, gatifloxacin, levofloxacin, moxifloxacin, norfloxacin;quinolone resistance protein (qnr)
QnrVC1_fwd;QnrVC1_rev;QnrVC1_probe;QnrVC1;131;fluoroquinolone antibiotic;antibiotic target protection;norfloxacin, nalidixic acid, gatifloxacin, sparfloxacin, moxifloxacin, ciprofloxacin, levofloxacin;quinolone resistance protein (qnr)
QnrVC4_fwd;QnrVC4_rev;QnrVC4_probe;QnrVC4;96;fluoroquinolone antibiotic;antibiotic target protection;norfloxacin, nalidixic acid, gatifloxacin, sparfloxacin, moxifloxacin, ciprofloxacin, levofloxacin;quinolone resistance protein (qnr)
ramA_fwd;ramA_rev;ramA_probe;ramA;131;penam, glycylcycline, cephamycin, cephalosporin, carbapenem, monobactam, penem, rifamycin antibiotic, phenicol antibiotic, tetracycline antibiotic, triclosan, fluoroquinolone antibiotic;reduced permeability to antibiotic, antibiotic efflux;tigecycline, ampicillin, tetracycline, chloramphenicol, rifampin, cefalotin;General Bacterial Porin with reduced permeability to beta-lactams, resistance-nodulation-cell division (RND) antibiotic efflux pump
RbpA_fwd;RbpA_rev;RbpA_probe;RbpA;229;rifamycin antibiotic;antibiotic target protection;rifaximin, rifampin, rifabutin, rifapentine;RbpA bacterial RNA polymerase-binding protein
RlmA(II)_fwd;RlmA(II)_rev;RlmA(II)_probe;RlmA(II);130;lincosamide antibiotic, macrolide antibiotic;antibiotic target alteration;;non-erm 23S ribosomal RNA methyltransferase (G748)
RmtB_fwd;RmtB_rev;RmtB_probe;rmtB;139;aminoglycoside antibiotic;antibiotic target alteration;kanamycin A, isepamicin, netilmicin, arbekacin, dibekacin, gentamicin C, tobramycin, sisomicin, gentamicin B, amikacin, G418;16S rRNA methyltransferase (G1405)
RmtC_fwd;RmtC_rev;RmtC_probe;rmtC;93;aminoglycoside antibiotic;antibiotic target alteration;kanamycin A, isepamicin, netilmicin, arbekacin, dibekacin, gentamicin C, tobramycin, sisomicin, gentamicin B, amikacin, G418;16S rRNA methyltransferase (G1405)
ROB-1_fwd;ROB-1_rev;ROB-1_probe;ROB-1;149;penam, cephalosporin;antibiotic inactivation;;ROB beta-lactamase
robA_fwd;robA_rev;robA_probe;rob;80;tetracycline antibiotic, glycylcycline, phenicol antibiotic, rifamycin antibiotic, cephalosporin, penam, fluoroquinolone antibiotic, triclosan;antibiotic efflux;;resistance-nodulation-cell division (RND) antibiotic efflux pump
rosA_fwd;rosA_rev;rosA_probe;rosA;105;peptide antibiotic;antibiotic efflux;;major facilitator superfamily (MFS) antibiotic efflux pump
rosB_fwd;rosB_rev;rosB_probe;rosB;150;peptide antibiotic;antibiotic efflux;;major facilitator superfamily (MFS) antibiotic efflux pump
Sat-2A_fwd;Sat-2A_rev;Sat-2A_probe;SAT-2;123;nucleoside antibiotic;antibiotic inactivation;streptothricin;streptothricin acetyltransferase (SAT)
sdiA_fwd;sdiA_rev;sdiA_probe;sdiA;96;phenicol antibiotic, penam, glycylcycline, cephalosporin, tetracycline antibiotic, triclosan, rifamycin antibiotic, fluoroquinolone antibiotic;antibiotic efflux;tetracycline, rifampin, chloramphenicol, tigecycline, ampicillin, cefalotin;resistance-nodulation-cell division (RND) antibiotic efflux pump
SHV-12_fwd;SHV-12_rev;SHV-12_probe;SHV-12;113;penam, cephalosporin, carbapenem;antibiotic inactivation;ceftazidime, cefalotin, ceftriaxone;SHV beta-lactamase
SME-2_fwd;SME-2_rev;SME-2_probe;SME-2;126;carbapenem;antibiotic inactivation;;SME beta-lactamase
smeB_fwd;smeB_rev;smeB_probe;smeB;125;penam, cephalosporin, aminoglycoside antibiotic, cephamycin;antibiotic efflux;;resistance-nodulation-cell division (RND) antibiotic efflux pump
smeC_fwd;smeC_rev;smeC_probe;smeC;76;penam, cephalosporin, aminoglycoside antibiotic, cephamycin;antibiotic efflux;;resistance-nodulation-cell division (RND) antibiotic efflux pump
smeD_fwd;smeD_rev;smeD_probe;smeD;307;tetracycline antibiotic, macrolide antibiotic, fluoroquinolone antibiotic, phenicol antibiotic;antibiotic efflux;tetracycline, chloramphenicol;resistance-nodulation-cell division (RND) antibiotic efflux pump
smeE_fwd;smeE_rev;smeE_probe;smeE;160;tetracycline antibiotic, macrolide antibiotic, fluoroquinolone antibiotic, phenicol antibiotic;antibiotic efflux;tetracycline, chloramphenicol;resistance-nodulation-cell division (RND) antibiotic efflux pump
smeF_fwd;smeF_rev;smeF_probe;smeF;199;tetracycline antibiotic, macrolide antibiotic, fluoroquinolone antibiotic, phenicol antibiotic;antibiotic efflux;tetracycline, chloramphenicol;resistance-nodulation-cell division (RND) antibiotic efflux pump
smeR_fwd;smeR_rev;smeR_probe;smeR;147;penam, cephalosporin, aminoglycoside antibiotic, cephamycin;antibiotic efflux;;resistance-nodulation-cell division (RND) antibiotic efflux pump
smeS_fwd;smeS_rev;smeS_probe;smeS;147;penam, cephalosporin, aminoglycoside antibiotic, cephamycin;antibiotic efflux;;resistance-nodulation-cell division (RND) antibiotic efflux pump
spd_fwd;spd_rev;spd_probe;spd;154;aminoglycoside antibiotic;antibiotic inactivation;spectinomycin;ANT(9)
SRT-1_fwd;SRT-1_rev;SRT-1_probe;SRT-1;120;cephalosporin;antibiotic inactivation;;SRT beta-lactamase
SulI_fwd;SulI_rev;SulI_probe;sul1;143;sulfonamide antibiotic, sulfone antibiotic;antibiotic target replacement;sulfamethizole, sulfadimidine, mafenide, sulfadiazine, sulfamethoxazole, sulfacetamide, sulfadoxine, sulfasalazine, sulfisoxazole, dapsone;sulfonamide resistant sul
SulII_fwd;SulII_rev;SulII_probe;sul2;88;sulfonamide antibiotic, sulfone antibiotic;antibiotic target replacement;sulfamethizole, sulfadimidine, mafenide, sulfadiazine, sulfamethoxazole, sulfacetamide, sulfadoxine, sulfasalazine, sulfisoxazole, dapsone;sulfonamide resistant sul
SulIII_fwd;SulIII_rev;SulIII_probe;sul3;123;sulfonamide antibiotic, sulfone antibiotic;antibiotic target replacement;sulfamethizole, sulfadimidine, mafenide, sulfadiazine, sulfamethoxazole, sulfacetamide, sulfadoxine, sulfasalazine, sulfisoxazole, dapsone;sulfonamide resistant sul
TEM-116_fwd;TEM-116_rev;TEM-116_probe;TEM-116;114;penam, monobactam, penem, cephalosporin;antibiotic inactivation;;TEM beta-lactamase
Tet-38_fwd;Tet-38_rev;Tet-38_probe;tet(38);149;tetracycline antibiotic;antibiotic efflux;tetracycline;major facilitator superfamily (MFS) antibiotic efflux pump
tet(40)_fwd;tet(40)_rev;tet(40)_probe;tet(40);97;tetracycline antibiotic;antibiotic efflux;tetracycline;major facilitator superfamily (MFS) antibiotic efflux pump
tet(41)_fwd;tet(41)_rev;tet(41)_probe;tet(41);134;tetracycline antibiotic;antibiotic efflux;tetracycline;major facilitator superfamily (MFS) antibiotic efflux pump
tet(A)_fwd;tet(A)_rev;tet(A)_probe;tet(A);110;tetracycline antibiotic, glycylcycline;antibiotic efflux;tigecycline, tetracycline;major facilitator superfamily (MFS) antibiotic efflux pump
tet(D)_fwd;tet(D)_rev;tet(D)_probe;tet(D);89;tetracycline antibiotic;antibiotic efflux;tetracycline;major facilitator superfamily (MFS) antibiotic efflux pump
tet(H)_fwd;tet(H)_rev;tet(H)_probe;tet(H);105;tetracycline antibiotic;antibiotic efflux;tetracycline;major facilitator superfamily (MFS) antibiotic efflux pump
tetA(P)_fwd;tetA(P)_rev;tetA(P)_probe;tetA(P);114;tetracycline antibiotic;antibiotic efflux;tetracycline;major facilitator superfamily (MFS) antibiotic efflux pump
TetB-P_fwd;TetB-P_rev;TetB-P_probe;tetB(P);158;tetracycline antibiotic;antibiotic target protection;chlortetracycline, demeclocycline, tetracycline, doxycycline, minocycline, oxytetracycline;tetracycline-resistant ribosomal protection protein
TetC_fwd;TetC_rev;TetC_probe;tet(C);106;tetracycline antibiotic;antibiotic efflux;tetracycline;major facilitator superfamily (MFS) antibiotic efflux pump
tetM_fwd;tetM_rev;tetM_probe;tetM;113;tetracycline antibiotic;antibiotic target protection;demeclocycline, oxytetracycline, tetracycline, doxycycline, minocycline, chlortetracycline;tetracycline-resistant ribosomal protection protein
tetO_fwd;tetO_rev;tetO_probe;tetO;123;tetracycline antibiotic;antibiotic target protection;demeclocycline, oxytetracycline, tetracycline, doxycycline, minocycline, chlortetracycline;tetracycline-resistant ribosomal protection protein
TetR_fwd;TetR_rev;TetR_probe;tetR;127;tetracycline antibiotic, glycylcycline;antibiotic efflux, antibiotic target alteration;tigecycline, tetracycline;major facilitator superfamily (MFS) antibiotic efflux pump
tetS_fwd;tetS_rev;tetS_probe;tetS;137;tetracycline antibiotic;antibiotic target protection;demeclocycline, oxytetracycline, tetracycline, doxycycline, minocycline, chlortetracycline;tetracycline-resistant ribosomal protection protein
TetW_fwd;TetW_rev;TetW_probe;tetW;158;tetracycline antibiotic;antibiotic target protection;demeclocycline, oxytetracycline, tetracycline, doxycycline, minocycline, chlortetracycline;tetracycline-resistant ribosomal protection protein
tetX_fwd;tetX_rev;tetX_probe;tetX;137;tetracycline antibiotic, glycylcycline;antibiotic inactivation;demeclocycline, oxytetracycline, tigecycline, tetracycline, minocycline, doxycycline, chlortetracycline;tetracycline inactivation enzyme
tmrB_fwd;tmrB_rev;tmrB_probe;tmrB;124;nucleoside antibiotic;reduced permeability to antibiotic;tunicamycin;tunicamycin resistance protein
tolC_fwd;tolC_rev;tolC_probe;TolC;146;penam, glycylcycline, cephamycin, cephalosporin, rifamycin antibiotic, triclosan, phenicol antibiotic, tetracycline antibiotic, macrolide antibiotic, aminocoumarin antibiotic, fluoroquinolone antibiotic;antibiotic efflux;oxacillin, cloxacillin, nalidixic acid, tigecycline, ampicillin, erythromycin, novobiocin, ciprofloxacin, norfloxacin, tetracycline, chloramphenicol, rifampin, cefalotin;ATP-binding cassette (ABC) antibiotic efflux pump, major facilitator superfamily (MFS) antibiotic efflux pump, resistance-nodulation-cell division (RND) antibiotic efflux pump
TriA_fwd;TriA_rev;TriA_probe;TriA;110;triclosan;antibiotic efflux;;resistance-nodulation-cell division (RND) antibiotic efflux pump
TriB_fwd;TriB_rev;TriB_probe;TriB;71;triclosan;antibiotic efflux;;resistance-nodulation-cell division (RND) antibiotic efflux pump
TriC_fwd;TriC_rev;TriC_probe;TriC;129;triclosan;antibiotic efflux;;resistance-nodulation-cell division (RND) antibiotic efflux pump
VanA-A_fwd;VanA-A_rev;VanA-A_probe;vanA;125;glycopeptide antibiotic;antibiotic target alteration;teicoplanin, vancomycin;van ligase, glycopeptide resistance gene cluster
VanB_fwd;VanB_rev;VanB_probe;vanB;132;glycopeptide antibiotic;antibiotic target alteration;;glycopeptide resistance gene cluster, van ligase
VanH-A_fwd;VanH-A_rev;VanH-A_probe;vanHA;136;glycopeptide antibiotic;antibiotic target alteration;teicoplanin, vancomycin;glycopeptide resistance gene cluster, vanH
vanHB_fwd;vanHB_rev;vanHB_probe;vanHB;120;glycopeptide antibiotic;antibiotic target alteration;;vanH, glycopeptide resistance gene cluster
VanR-D_fwd;VanR-D_rev;VanR-D_probe;vanRD;116;glycopeptide antibiotic;antibiotic target alteration;vancomycin;vanR, glycopeptide resistance gene cluster
vanRA_fwd;vanRA_rev;vanRA_probe;vanRA;134;glycopeptide antibiotic;antibiotic target alteration;vancomycin, teicoplanin;vanR, glycopeptide resistance gene cluster
VanX-A_fwd;VanX-A_rev;VanX-A_probe;vanXA;123;glycopeptide antibiotic;antibiotic target alteration;teicoplanin, vancomycin;glycopeptide resistance gene cluster, vanX
vanYA_fwd;vanYA_rev;vanYA_probe;vanYA;117;glycopeptide antibiotic;antibiotic target alteration;vancomycin, teicoplanin;glycopeptide resistance gene cluster, vanY
VatD_fwd;VatD_rev;VatD_probe;VatD;141;streptogramin antibiotic;antibiotic inactivation;pristinamycin IIA, madumycin II, dalfopristin, griseoviridin;streptogramin vat acetyltransferase
VatE_fwd;VatE_rev;VatE_probe;VatE;101;streptogramin antibiotic;antibiotic inactivation;pristinamycin IIA, madumycin II, dalfopristin, griseoviridin;streptogramin vat acetyltransferase
vatF_fwd;vatF_rev;vatF_probe;vatF;157;streptogramin antibiotic;antibiotic inactivation;pristinamycin IIA, madumycin II, dalfopristin, griseoviridin;streptogramin vat acetyltransferase
VEB-1a_fwd;VEB-1a_rev;VEB-1a_probe;VEB-9;164;cephalosporin, monobactam;antibiotic inactivation;;VEB beta-lactamase
vgaALC_fwd;vgaALC_rev;vgaALC_probe;vgaALC;111;streptogramin antibiotic, pleuromutilin antibiotic;antibiotic target protection;pristinamycin IIA, pleuromutilin, madumycin II, griseoviridin, dalfopristin;ABC-F ATP-binding cassette ribosomal protection protein
vgaC_fwd;vgaC_rev;vgaC_probe;vgaC;102;streptogramin antibiotic, pleuromutilin antibiotic;antibiotic target protection;pristinamycin IIA, pleuromutilin, madumycin II, griseoviridin, dalfopristin;ABC-F ATP-binding cassette ribosomal protection protein
vgaE_fwd;vgaE_rev;vgaE_probe;vgaE;122;streptogramin antibiotic, pleuromutilin antibiotic;antibiotic target protection;pristinamycin IIA, pleuromutilin, madumycin II, griseoviridin, dalfopristin;ABC-F ATP-binding cassette ribosomal protection protein
VIM-2_fwd;VIM-2_rev;VIM-2_probe;VIM-2;119;penam, cephamycin, penem, cephalosporin, carbapenem;antibiotic inactivation;;VIM beta-lactamase
y56_fwd;y56_rev;y56_probe;y56 beta-lactamase;122;cephalosporin, penam;antibiotic inactivation;;BlaA beta-lactamase
ykkC_fwd;ykkC_rev;ykkC_probe;ykkC;261;phenicol antibiotic, tetracycline antibiotic, aminoglycoside antibiotic;antibiotic efflux;tetracycline, streptomycin, chloramphenicol;small multidrug resistance (SMR) antibiotic efflux pump
mfd_fwd;mfd_rev;mfd_probe;mfd;88;fluoroquinolone antibiotic;antibiotic target protection;;quinolone resistance protein (qnr)
ykkD_fwd;ykkD_rev;ykkD_probe;ykkD;122;phenicol antibiotic, tetracycline antibiotic, aminoglycoside antibiotic;antibiotic efflux;tetracycline, streptomycin, chloramphenicol;small multidrug resistance (SMR) antibiotic efflux pump
