Primer1;Primer2;Probe;Gene;ExpectedSize;Gene related to;From Organism;;
VFG000068_fwd;VFG000068_rev;VFG000068_probe;actA;123;actin-assembly inducing protein precursor;Listeria monocytogenes EGD-e (serovar 1/2a);;
VFG000069_fwd;VFG000069_rev;VFG000069_probe;plcB;162;phospholipase C;Listeria monocytogenes EGD-e (serovar 1/2a);;
VFG000070_fwd;VFG000070_rev;VFG000070_probe;iap/cwhA;116;P60 extracellular protein, invasion associated protein Iap;Listeria monocytogenes EGD-e (serovar 1/2a);;
VFG000071_fwd;VFG000071_rev;VFG000071_probe;mpl;124;Zinc metalloproteinase precursor;Listeria monocytogenes EGD-e (serovar 1/2a);;
VFG000073_fwd;VFG000073_rev;VFG000073_probe;plcA;107;phosphatidylinositol-specific phospholipase c;Listeria monocytogenes EGD-e (serovar 1/2a);;
VFG000074_fwd;VFG000074_rev;VFG000074_probe;hly;126;listeriolysin O precursor;Listeria monocytogenes EGD-e (serovar 1/2a);;
VFG000075_fwd;VFG000075_rev;VFG000075_probe;inlA;116;Internalin A;Listeria monocytogenes EGD-e (serovar 1/2a);;
VFG000076_fwd;VFG000076_rev;VFG000076_probe;inlB;124;Internalin B;Listeria monocytogenes EGD-e (serovar 1/2a);;
VFG000112_fwd;VFG000112_rev;VFG000112_probe;pilB;81;type 4 fimbrial biogenesis protein PilB;Pseudomonas aeruginosa PAO1;;
VFG000113_fwd;VFG000113_rev;VFG000113_probe;pilC;136;still frameshift type 4 fimbrial biogenesis protein PilC;Pseudomonas aeruginosa PAO1;;
VFG000114_fwd;VFG000114_rev;VFG000114_probe;xcpA/pilD;80;type 4 prepilin peptidase PilD;Pseudomonas aeruginosa PAO1;;
VFG000115_fwd;VFG000115_rev;VFG000115_probe;toxA;107;exotoxin A precursor;Pseudomonas aeruginosa PAO1;;
VFG000116_fwd;VFG000116_rev;VFG000116_probe;algB;147;two-component response regulator AlgB;Pseudomonas aeruginosa PAO1;;
VFG000117_fwd;VFG000117_rev;VFG000117_probe;algP/algR3;95;alginate regulatory protein AlgP;Pseudomonas aeruginosa PAO1;;
VFG000118_fwd;VFG000118_rev;VFG000118_probe;algQ;78;Alginate regulatory protein AlgQ;Pseudomonas aeruginosa PAO1;;
VFG000119_fwd;VFG000119_rev;VFG000119_probe;algR;119;alginate biosynthesis regulatory protein AlgR;Pseudomonas aeruginosa PAO1;;
VFG000120_fwd;VFG000120_rev;VFG000120_probe;algZ;145;sigma factor AlgU;Pseudomonas aeruginosa PAO1;;
VFG000121_fwd;VFG000121_rev;VFG000121_probe;algU;109;alginate biosynthesis protein AlgZ/FimS;Pseudomonas aeruginosa PAO1;;
VFG000122_fwd;VFG000122_rev;VFG000122_probe;algD;117;GDP-mannose 6-dehydrogenase AlgD;Pseudomonas aeruginosa PAO1;;
VFG000123_fwd;VFG000123_rev;VFG000123_probe;alg8;129;alginate-c5-mannuronan-epimerase AlgG;Pseudomonas aeruginosa PAO1;;
VFG000124_fwd;VFG000124_rev;VFG000124_probe;alg44;125;alginate biosynthesis protein Alg8;Pseudomonas aeruginosa PAO1;;
VFG000125_fwd;VFG000125_rev;VFG000125_probe;algK;132;alginate biosynthesis protein Alg44;Pseudomonas aeruginosa PAO1;;
VFG000126_fwd;VFG000126_rev;VFG000126_probe;algE;92;alginate biosynthetic protein AlgK precursor;Pseudomonas aeruginosa PAO1;;
VFG000127_fwd;VFG000127_rev;VFG000127_probe;algG;125;outer membrane protein AlgE;Pseudomonas aeruginosa PAO1;;
VFG000128_fwd;VFG000128_rev;VFG000128_probe;algX;140;alginate biosynthesis protein AlgX;Pseudomonas aeruginosa PAO1;;
VFG000129_fwd;VFG000129_rev;VFG000129_probe;algL;113;poly(beta-d-mannuronate) lyase precursor AlgL;Pseudomonas aeruginosa PAO1;;
VFG000130_fwd;VFG000130_rev;VFG000130_probe;algI;142;alginate o-acetyltransferase AlgI;Pseudomonas aeruginosa PAO1;;
VFG000131_fwd;VFG000131_rev;VFG000131_probe;algJ;110;alginate o-acetyltransferase AlgJ;Pseudomonas aeruginosa PAO1;;
VFG000132_fwd;VFG000132_rev;VFG000132_probe;algF;161;alginate o-acetyltransferase AlgF;Pseudomonas aeruginosa PAO1;;
VFG000133_fwd;VFG000133_rev;VFG000133_probe;algA;135;phosphomannose isomerase / guanosine 5'-diphospho-D-mannose pyrophosphorylase;Pseudomonas aeruginosa PAO1;;
VFG000134_fwd;VFG000134_rev;VFG000134_probe;mucA;113;alkaline metalloproteinase precursor;Pseudomonas aeruginosa PAO1;;
VFG000135_fwd;VFG000135_rev;VFG000135_probe;mucB;90;anti-sigma factor MucA, inhibitor of alg gene expression;Pseudomonas aeruginosa PAO1;;
VFG000136_fwd;VFG000136_rev;VFG000136_probe;mucC;92;negative regulator for alginate biosynthesis MucB;Pseudomonas aeruginosa PAO1;;
VFG000137_fwd;VFG000137_rev;VFG000137_probe;wzz;83;positive regulator for alginate biosynthesis MucC;Pseudomonas aeruginosa PAO1;;
VFG000138_fwd;VFG000138_rev;VFG000138_probe;wzy;94;O-antigen chain length regulator;Pseudomonas aeruginosa PAO1;;
VFG000139_fwd;VFG000139_rev;VFG000139_probe;waaG;87;B-band O-antigen polymerase;Pseudomonas aeruginosa PAO1;;
VFG000140_fwd;VFG000140_rev;VFG000140_probe;waaP;85;UDP-glucose:(heptosyl) LPS alpha 1,3-glucosyltransferase WaaG;Pseudomonas aeruginosa PAO1;;
VFG000141_fwd;VFG000141_rev;VFG000141_probe;waaA;167;lipopolysaccharide core biosynthesis protein WaaP;Pseudomonas aeruginosa PAO1;;
VFG000142_fwd;VFG000142_rev;VFG000142_probe;waaC;116;3-deoxy-D-manno-octulosonic-acid (KDO) transferase;Pseudomonas aeruginosa PAO1;;
VFG000143_fwd;VFG000143_rev;VFG000143_probe;waaF;129;heptosyltransferase I;Pseudomonas aeruginosa PAO1;;
VFG000144_fwd;VFG000144_rev;VFG000144_probe;aprA;76;alkaline metalloproteinase precursor;Pseudomonas aeruginosa PAO1;;
VFG000145_fwd;VFG000145_rev;VFG000145_probe;lasA;76;LasA protease precursor;Pseudomonas aeruginosa PAO1;;
VFG000146_fwd;VFG000146_rev;VFG000146_probe;lasB;98;elastase LasB;Pseudomonas aeruginosa PAO1;;
VFG000147_fwd;VFG000147_rev;VFG000147_probe;exoS;128;type III secretion system effector ExoS, ADP ribosyltransferase activity and GTPase-activating protein activity;Pseudomonas aeruginosa PAO1;;
VFG000148_fwd;VFG000148_rev;VFG000148_probe;exoT;133;type III secretion system effector ExoT, ADP ribosyltransferase activity and GTPase-activating protein activity;Pseudomonas aeruginosa PAO1;;
VFG000149_fwd;VFG000149_rev;VFG000149_probe;exoU;86;type III secretion system effector ExoU, phospholipase A2 activity;Pseudomonas aeruginosa PA103;;
VFG000150_fwd;VFG000150_rev;VFG000150_probe;exoY;117;type III secretion system effector ExoY, adenylate cyclase;Pseudomonas aeruginosa PAO1;;
VFG000153_fwd;VFG000153_rev;VFG000153_probe;rhlI;141;autoinducer synthesis protein RhlL;Pseudomonas aeruginosa PAO1;;
VFG000154_fwd;VFG000154_rev;VFG000154_probe;lasI;99;autoinducer synthesis protein LasI;Pseudomonas aeruginosa PAO1;;
VFG000157_fwd;VFG000157_rev;VFG000157_probe;plcH;128;hemolytic phospholipase C precursor;Pseudomonas aeruginosa PAO1;;
VFG000174_fwd;VFG000174_rev;VFG000174_probe;xcpZ;132;general secretion pathway protein M;Pseudomonas aeruginosa PAO1;;
VFG000175_fwd;VFG000175_rev;VFG000175_probe;xcpY;149;general secretion pathway protein L;Pseudomonas aeruginosa PAO1;;
VFG000176_fwd;VFG000176_rev;VFG000176_probe;xcpX;87;general secretion pathway protein K;Pseudomonas aeruginosa PAO1;;
VFG000177_fwd;VFG000177_rev;VFG000177_probe;xcpW;93;general secretion pathway protein J;Pseudomonas aeruginosa PAO1;;
VFG000178_fwd;VFG000178_rev;VFG000178_probe;xcpV;139;general secretion pathway protein I;Pseudomonas aeruginosa PAO1;;
VFG000179_fwd;VFG000179_rev;VFG000179_probe;xcpU;117;general secretion pathway protein H;Pseudomonas aeruginosa PAO1;;
VFG000180_fwd;VFG000180_rev;VFG000180_probe;xcpT;122;general secretion pathway protein G;Pseudomonas aeruginosa PAO1;;
VFG000181_fwd;VFG000181_rev;VFG000181_probe;xcpS;134;general secretion pathway protein F;Pseudomonas aeruginosa PAO1;;
VFG000182_fwd;VFG000182_rev;VFG000182_probe;xcpR;124;general secretion pathway protein E;Pseudomonas aeruginosa PAO1;;
VFG000183_fwd;VFG000183_rev;VFG000183_probe;xcpP;127;secretion protein XcpP;Pseudomonas aeruginosa PAO1;;
VFG000184_fwd;VFG000184_rev;VFG000184_probe;xcpQ;104;general secretion pathway protein D;Pseudomonas aeruginosa PAO1;;
VFG000232_fwd;VFG000232_rev;VFG000232_probe;pilT;95;twitching motility protein PilT;Neisseria meningitidis MC58 (serogroup B);;
VFG000233_fwd;VFG000233_rev;VFG000233_probe;pilF;108;type IV pilus assembly ATPase protein;Neisseria meningitidis MC58 (serogroup B);;
VFG000234_fwd;VFG000234_rev;VFG000234_probe;pilD;109;type IV pilus prepilin peptidase;Neisseria meningitidis MC58 (serogroup B);;
VFG000235_fwd;VFG000235_rev;VFG000235_probe;pilG;124;pilus assembly protein PilG;Neisseria meningitidis MC58 (serogroup B);;
VFG000240_fwd;VFG000240_rev;VFG000240_probe;opc;135;class 5 outer membrane protein;Neisseria meningitidis MC58 (serogroup B);;
VFG000250_fwd;VFG000250_rev;VFG000250_probe;porB;105;major outer membrane protein PIB;Neisseria meningitidis MC58 (serogroup B);;
VFG000252_fwd;VFG000252_rev;VFG000252_probe;siaC/synC;103;polysialic acid capsule biosynthesis protein SiaC;Neisseria meningitidis MC58 (serogroup B);;
VFG000253_fwd;VFG000253_rev;VFG000253_probe;siaB/synB;156;polysialic acid capsule biosynthesis protein SiaB;Neisseria meningitidis MC58 (serogroup B);;
VFG000254_fwd;VFG000254_rev;VFG000254_probe;siaA/synA;126;polysialic acid capsule biosynthesis protein SynX;Neisseria meningitidis MC58 (serogroup B);;
VFG000255_fwd;VFG000255_rev;VFG000255_probe;ctrA;148;capsule polysaccharide export outer membrane protein CtrA;Neisseria meningitidis MC58 (serogroup B);;
VFG000256_fwd;VFG000256_rev;VFG000256_probe;ctrB;127;capsule polysaccharide export inner-membrane protein CtrB;Neisseria meningitidis MC58 (serogroup B);;
VFG000257_fwd;VFG000257_rev;VFG000257_probe;ctrC;120;capsule polysaccharide export inner-membrane protein CtrC;Neisseria meningitidis MC58 (serogroup B);;
VFG000258_fwd;VFG000258_rev;VFG000258_probe;ctrD;95;capsule polysaccharide export ATP-binding protein CtrD;Neisseria meningitidis MC58 (serogroup B);;
VFG000259_fwd;VFG000259_rev;VFG000259_probe;lipA;110;capsule polysaccharide modification protein LipA;Neisseria meningitidis MC58 (serogroup B);;
VFG000260_fwd;VFG000260_rev;VFG000260_probe;lipB;80;capsule polysaccharide modification protein LipB;Neisseria meningitidis MC58 (serogroup B);;
VFG000261_fwd;VFG000261_rev;VFG000261_probe;iga;111;IgA-specific serine endopeptidase;Neisseria meningitidis MC58 (serogroup B);;
VFG000326_fwd;VFG000326_rev;VFG000326_probe;licA;113;choline kinase;Haemophilus influenzae Rd KW20 (serotype d);;
VFG000327_fwd;VFG000327_rev;VFG000327_probe;licB;110;choline permease;Haemophilus influenzae Rd KW20 (serotype d);;
VFG000329_fwd;VFG000329_rev;VFG000329_probe;licD;99;phosphocholine transferase;Haemophilus influenzae Rd KW20 (serotype d);;
VFG000330_fwd;VFG000330_rev;VFG000330_probe;kdtA;118;3-deoxy-d-manno-octulosonic-acid transferase;Haemophilus influenzae Rd KW20 (serotype d);;
VFG000331_fwd;VFG000331_rev;VFG000331_probe;rfaE;131;ADP-heptose synthase;Haemophilus influenzae Rd KW20 (serotype d);;
VFG000332_fwd;VFG000332_rev;VFG000332_probe;rfaD;119;ADP-L-glycero-D-mannoheptose-6-epimerase;Haemophilus influenzae Rd KW20 (serotype d);;
VFG000333_fwd;VFG000333_rev;VFG000333_probe;lic2A;150;glycosyltransferase;Haemophilus influenzae Rd KW20 (serotype d);;
VFG000423_fwd;VFG000423_rev;VFG000423_probe;vexE;125;Vi polysaccharide export protein VexE;Salmonella enterica subsp. enterica serovar Typhi str. CT18;;
VFG000424_fwd;VFG000424_rev;VFG000424_probe;vexD;117;Vi polysaccharide export inner-membrane protein VexD;Salmonella enterica subsp. enterica serovar Typhi str. CT18;;
VFG000425_fwd;VFG000425_rev;VFG000425_probe;vexC;91;Vi polysaccharide export ATP-binding protein VexC;Salmonella enterica subsp. enterica serovar Typhi str. CT18;;
VFG000426_fwd;VFG000426_rev;VFG000426_probe;vexB;100;Vi polysaccharide export inner-membrane protein (ABC-2 type transporter) VexB;Salmonella enterica subsp. enterica serovar Typhi str. CT18;;
VFG000427_fwd;VFG000427_rev;VFG000427_probe;vexA;139;Vi polysaccharide export protein VexA;Salmonella enterica subsp. enterica serovar Typhi str. CT18;;
VFG000428_fwd;VFG000428_rev;VFG000428_probe;tviE;143;Vi polysaccharide biosynthesis protein TviE, Glycosyl transferases group 1;Salmonella enterica subsp. enterica serovar Typhi str. CT18;;
VFG000429_fwd;VFG000429_rev;VFG000429_probe;tviD;111;Vi polysaccharide biosynthesis protein TviD;Salmonella enterica subsp. enterica serovar Typhi str. CT18;;
VFG000430_fwd;VFG000430_rev;VFG000430_probe;tviC;118;Vi polysaccharide biosynthesis protein, epimerase TviC;Salmonella enterica subsp. enterica serovar Typhi str. CT18;;
VFG000431_fwd;VFG000431_rev;VFG000431_probe;tviB;128;Vi polysaccharide biosynthesis protein, UDP-glucose/GDP-mannose dehydrogenase TviB;Salmonella enterica subsp. enterica serovar Typhi str. CT18;;
VFG000433_fwd;VFG000433_rev;VFG000433_probe;pefD;119;plasmid-encoded fimbriae chaperone protein PefD;Salmonella enterica subsp. enterica serovar Typhimurium str. LT2;;
VFG000435_fwd;VFG000435_rev;VFG000435_probe;pefA;105;plasmid-encoded fimbriae major subunit PefA;Salmonella enterica subsp. enterica serovar Typhimurium str. LT2;;
VFG000436_fwd;VFG000436_rev;VFG000436_probe;pefB;140;plasmid-encoded fimbriae regulatory protein PefB;Salmonella enterica subsp. enterica serovar Typhimurium str. LT2;;
VFG000444_fwd;VFG000444_rev;VFG000444_probe;fimI;85;fimbrial protein internal segment;Salmonella enterica subsp. enterica serovar Typhimurium str. LT2;Salmonella enterica subsp. enterica serovar Typhimurium str. LT2;fimbrial protein internal segment
VFG000445_fwd;VFG000445_rev;VFG000445_probe;fimC;116;chaperone protein FimC;Salmonella enterica subsp. enterica serovar Typhimurium str. LT2;;
VFG000446_fwd;VFG000446_rev;VFG000446_probe;fimD;106;usher protein FimD;Salmonella enterica subsp. enterica serovar Typhimurium str. LT2;;
VFG000447_fwd;VFG000447_rev;VFG000447_probe;fimH;75;type I fimbriae minor fimbrial subunit FimH, adhesin;Salmonella enterica subsp. enterica serovar Typhimurium str. LT2;;
VFG000448_fwd;VFG000448_rev;VFG000448_probe;fimF;101;type I fimbriae adaptor protein FimF;Salmonella enterica subsp. enterica serovar Typhimurium str. LT2;;
VFG000452_fwd;VFG000452_rev;VFG000452_probe;lpfE;142;long polar fimbrial minor subunit LpfE, adhesin;Salmonella enterica subsp. enterica serovar Typhimurium str. LT2;;
VFG000453_fwd;VFG000453_rev;VFG000453_probe;lpfD;136;long polar fimbrial protein LpfD;Salmonella enterica subsp. enterica serovar Typhimurium str. LT2;;
VFG000454_fwd;VFG000454_rev;VFG000454_probe;lpfC;127;long polar fimbrial usher protein LpfC;Salmonella enterica subsp. enterica serovar Typhimurium str. LT2;;
VFG000455_fwd;VFG000455_rev;VFG000455_probe;lpfB;114;long polar fimbrial chaperone protein LpfB;Salmonella enterica subsp. enterica serovar Typhimurium str. LT2;;
VFG000456_fwd;VFG000456_rev;VFG000456_probe;lpfA;127;long polar fimbria protein LpfA;Salmonella enterica subsp. enterica serovar Typhimurium str. LT2;;
VFG000457_fwd;VFG000457_rev;VFG000457_probe;csgB;116;minor curlin subunit precursor, curli nucleator protein CsgB;Salmonella enterica subsp. enterica serovar Typhimurium str. LT2;Salmonella enterica subsp. enterica serovar Typhimurium str. LT2;minor curlin subunit precursor, curli nucleator protein CsgB
VFG000458_fwd;VFG000458_rev;VFG000458_probe;csgA;125;curlin major subunit CsgA;Salmonella enterica subsp. enterica serovar Typhimurium str. LT2;;
VFG000459_fwd;VFG000459_rev;VFG000459_probe;csgC;99;curli assembly protein CsgC;Salmonella enterica subsp. enterica serovar Typhimurium str. LT2;;
VFG000460_fwd;VFG000460_rev;VFG000460_probe;csgE;110;curli production assembly/transport protein CsgE;Salmonella enterica subsp. enterica serovar Typhimurium str. LT2;;
VFG000461_fwd;VFG000461_rev;VFG000461_probe;csgF;141;curli production assembly/transport protein CsgF;Salmonella enterica subsp. enterica serovar Typhimurium str. LT2;Salmonella enterica subsp. enterica serovar Typhimurium str. LT2;curli production assembly/transport protein CsgF
VFG000462_fwd;VFG000462_rev;VFG000462_probe;csgG;134;curli production assembly/transport protein CsgG;Salmonella enterica subsp. enterica serovar Typhimurium str. LT2;;
VFG000739_fwd;VFG000739_rev;VFG000739_probe;eae;121;intimin;Escherichia coli O127:H6 str. E2348/69 (EPEC);;
VFG000743_fwd;VFG000743_rev;VFG000743_probe;espD;131;EspD;Escherichia coli O127:H6 str. E2348/69 (EPEC);;
VFG000744_fwd;VFG000744_rev;VFG000744_probe;espB;76;EspB;Escherichia coli O127:H6 str. E2348/69 (EPEC);;
VFG000794_fwd;VFG000794_rev;VFG000794_probe;espF;86;Type III secretion system effector EspF;Escherichia coli O157:H7 str. EDL933 (EHEC);;
VFG000799_fwd;VFG000799_rev;VFG000799_probe;espD;114;Type III secretion system translocator protein EspD, pore protein;Escherichia coli O157:H7 str. EDL933 (EHEC);;
VFG000800_fwd;VFG000800_rev;VFG000800_probe;espA;156;Type III secretion system translocator protein EspA;Escherichia coli O157:H7 str. EDL933 (EHEC);;
VFG000805_fwd;VFG000805_rev;VFG000805_probe;tir;89;translocated intimin receptor protein;Escherichia coli O157:H7 str. EDL933 (EHEC);;
VFG000806_fwd;VFG000806_rev;VFG000806_probe;map;118;Type III secretion system effector Map, Rho guanine exchange factor;Escherichia coli O157:H7 str. EDL933 (EHEC);;
VFG000808_fwd;VFG000808_rev;VFG000808_probe;espH;147;Type III secretion system effector EspH, RhoGEF Inhibitor;Escherichia coli O157:H7 str. EDL933 (EHEC);;
VFG000833_fwd;VFG000833_rev;VFG000833_probe;espG;138;Type III secretion system effector EspG, GTPase activating protein;Escherichia coli O157:H7 str. EDL933 (EHEC);;
VFG000835_fwd;VFG000835_rev;VFG000835_probe;stx1A;132;shiga-like toxin 1 subunit A encoded within prophage CP-933V;Escherichia coli O157:H7 str. EDL933 (EHEC);;
VFG000836_fwd;VFG000836_rev;VFG000836_probe;stx1B;156;shiga-like toxin 1 subunit B encoded within prophage CP-933V;Escherichia coli O157:H7 str. EDL933 (EHEC);;
VFG000837_fwd;VFG000837_rev;VFG000837_probe;stx2A;166;shiga-like toxin II A subunit encoded by bacteriophage BP-933W;Escherichia coli O157:H7 str. EDL933 (EHEC);;
VFG000838_fwd;VFG000838_rev;VFG000838_probe;stx2B;104;shiga-like toxin II B subunit encoded by bacteriophage BP-933W;Escherichia coli O157:H7 str. EDL933 (EHEC);;
VFG000839_fwd;VFG000839_rev;VFG000839_probe;paa;147;outer membrane adhesin Paa;Escherichia coli O157:H7 str. EDL933 (EHEC);;
VFG000840_fwd;VFG000840_rev;VFG000840_probe;hlyA;105;hemolysin toxin protein;Escherichia coli O157:H7 str. EDL933 (EHEC);;
VFG000841_fwd;VFG000841_rev;VFG000841_probe;hlyB;128;hemolysin transport protein;Escherichia coli O157:H7 str. EDL933 (EHEC);;
VFG000842_fwd;VFG000842_rev;VFG000842_probe;hlyC;146;hemolysin transport protein;Escherichia coli O157:H7 str. EDL933 (EHEC);;
VFG000843_fwd;VFG000843_rev;VFG000843_probe;hlyD;167;hemolysin transport protein;Escherichia coli O157:H7 str. EDL933 (EHEC);;
VFG000845_fwd;VFG000845_rev;VFG000845_probe;toxB;103;cytotoxin;Escherichia coli O157:H7 str. EDL933 (EHEC);;
VFG000859_fwd;VFG000859_rev;VFG000859_probe;set1A;141;toxin subunit Set1A;Escherichia coli O44:H18 042 (EAEC);;
VFG000860_fwd;VFG000860_rev;VFG000860_probe;set1B;106;toxin subunit Set1B;Escherichia coli O44:H18 042 (EAEC);;
VFG000865_fwd;VFG000865_rev;VFG000865_probe;aap/aspU;142;Dispersin;Escherichia coli O44:H18 042 (EAEC);;
VFG000905_fwd;VFG000905_rev;VFG000905_probe;hlyC;147;Hemolysin C;Escherichia coli CFT073 (UPEC);;
VFG000906_fwd;VFG000906_rev;VFG000906_probe;hlyA;131;Hemolysin A;Escherichia coli CFT073 (UPEC);;
VFG000907_fwd;VFG000907_rev;VFG000907_probe;hlyB;140;Hemolysin B;Escherichia coli CFT073 (UPEC);;
VFG000908_fwd;VFG000908_rev;VFG000908_probe;hlyD;93;Hemolysin D;Escherichia coli CFT073 (UPEC);;
VFG000948_fwd;VFG000948_rev;VFG000948_probe;fbaB;138;fibronectin-bing protein SfbII;Streptococcus pyogenes MGAS315 (serotype M3);;
VFG000949_fwd;VFG000949_rev;VFG000949_probe;cpa;150;fibronectin-bing protein SfbI;Streptococcus pyogenes MGAS315 (serotype M3);;
VFG000950_fwd;VFG000950_rev;VFG000950_probe;emm;163;M protein type 3;Streptococcus pyogenes MGAS315 (serotype M3);;
VFG000951_fwd;VFG000951_rev;VFG000951_probe;spea;91;streptococcal exotoxin A precursor - phage associated;Streptococcus pyogenes MGAS315 (serotype M3);;
VFG000952_fwd;VFG000952_rev;VFG000952_probe;spei;140;streptococcal exotoxin I precursor;Streptococcus pyogenes M1 GAS (serotype M1);;
VFG000953_fwd;VFG000953_rev;VFG000953_probe;spek;141;streptococcal exotoxin SpeK - phage associated;Streptococcus pyogenes MGAS315 (serotype M3);;
VFG000957_fwd;VFG000957_rev;VFG000957_probe;spel;126;streptococcal exotoxin L precursor;Streptococcus pyogenes MGAS8232 (serotype M18);;
VFG000959_fwd;VFG000959_rev;VFG000959_probe;fbp54;165;fibronectin-bing protein Fbp54;Streptococcus pyogenes M1 GAS (serotype M1);;
VFG000961_fwd;VFG000961_rev;VFG000961_probe;ideS/mac;163;immunoglobulin G-degrading enzyme;Streptococcus pyogenes M1 GAS (serotype M1);;
VFG000962_fwd;VFG000962_rev;VFG000962_probe;hasA;114;hyaluronate synthase;Streptococcus pyogenes M1 GAS (serotype M1);;
VFG000963_fwd;VFG000963_rev;VFG000963_probe;hasB;121;UDP-glucose 6-dehydrogenase;Streptococcus pyogenes M1 GAS (serotype M1);;
VFG000964_fwd;VFG000964_rev;VFG000964_probe;hasC;127;UDP-glucose pyrophosphorylase;Streptococcus pyogenes M1 GAS (serotype M1);;
VFG000965_fwd;VFG000965_rev;VFG000965_probe;hylP;122;hyaluronidase, phage associated;Streptococcus pyogenes M1 GAS (serotype M1);;
VFG000966_fwd;VFG000966_rev;VFG000966_probe;hylP;143;hyaluronidase, phage associated;Streptococcus pyogenes M1 GAS (serotype M1);;
VFG000967_fwd;VFG000967_rev;VFG000967_probe;hylP;94;hyaluronidase, phage associated;Streptococcus pyogenes M1 GAS (serotype M1);;
VFG000968_fwd;VFG000968_rev;VFG000968_probe;emm;121;M protein type 1;Streptococcus pyogenes M1 GAS (serotype M1);;
VFG000969_fwd;VFG000969_rev;VFG000969_probe;mf/spd;142;deoxyribonuclease;Streptococcus pyogenes M1 GAS (serotype M1);;
VFG000970_fwd;VFG000970_rev;VFG000970_probe;mf2;149;deoxyribonuclease, phage associated;Streptococcus pyogenes M1 GAS (serotype M1);;
VFG000971_fwd;VFG000971_rev;VFG000971_probe;mf3;93;deoxyribonuclease;Streptococcus pyogenes M1 GAS (serotype M1);;
VFG000972_fwd;VFG000972_rev;VFG000972_probe;sic;94;inhibitor of complement-mediated lysis;Streptococcus pyogenes M1 GAS (serotype M1);;
VFG000973_fwd;VFG000973_rev;VFG000973_probe;speB;120;pyrogenic exotoxin B;Streptococcus pyogenes M1 GAS (serotype M1);;
VFG000974_fwd;VFG000974_rev;VFG000974_probe;scpA;158;C5a peptidase precursor;Streptococcus pyogenes M1 GAS (serotype M1);;
VFG000976_fwd;VFG000976_rev;VFG000976_probe;slo;127;streptolysin O precursor;Streptococcus pyogenes M1 GAS (serotype M1);;
VFG000978_fwd;VFG000978_rev;VFG000978_probe;spec;153;streptococcal exotoxin C precursor, phage associated;Streptococcus pyogenes M1 GAS (serotype M1);;
VFG000979_fwd;VFG000979_rev;VFG000979_probe;speg;109;streptococcal exotoxin G precursor;Streptococcus pyogenes M1 GAS (serotype M1);;
VFG000980_fwd;VFG000980_rev;VFG000980_probe;spej;119;streptococcal exotoxin J precursor;Streptococcus pyogenes M1 GAS (serotype M1);;
VFG000981_fwd;VFG000981_rev;VFG000981_probe;smeZ;147;streptococcal mitogenic exotoxin Z;Streptococcus pyogenes M1 GAS (serotype M1);;
VFG000982_fwd;VFG000982_rev;VFG000982_probe;speh;133;streptococcal exotoxin H precursor;Streptococcus pyogenes M1 GAS (serotype M1);;
VFG001152_fwd;VFG001152_rev;VFG001152_probe;hmw1B;121;two-partner secretion (TPS) pathway TpsB outer membrane pore-forming translocator protein;Haemophilus influenzae str. 12;;
VFG001153_fwd;VFG001153_rev;VFG001153_probe;hmw1C;107;glycosyltransferase;Haemophilus influenzae str. 12;;
VFG001207_fwd;VFG001207_rev;VFG001207_probe;pilV;137;type IV pilus biogenesis protein PilV;Pseudomonas aeruginosa PAO1;;
VFG001208_fwd;VFG001208_rev;VFG001208_probe;pilW;129;type IV fimbrial biogenesis protein PilW;Pseudomonas aeruginosa PAO1;;
VFG001209_fwd;VFG001209_rev;VFG001209_probe;pilX;138;type 4 fimbrial biogenesis protein PilX;Pseudomonas aeruginosa PAO1;;
VFG001210_fwd;VFG001210_rev;VFG001210_probe;pilY1;130;type 4 fimbrial biogenesis protein PilY1;Pseudomonas aeruginosa PAO1;;
VFG001211_fwd;VFG001211_rev;VFG001211_probe;pilY2;98;type 4 fimbrial biogenesis protein PilY2;Pseudomonas aeruginosa PAO1;;
VFG001212_fwd;VFG001212_rev;VFG001212_probe;pilE;104;type 4 fimbrial biogenesis protein PilE;Pseudomonas aeruginosa PAO1;;
VFG001213_fwd;VFG001213_rev;VFG001213_probe;pilS;151;two-component sensor PilS;Pseudomonas aeruginosa PAO1;;
VFG001214_fwd;VFG001214_rev;VFG001214_probe;pilR;104;two-component response regulator PilR;Pseudomonas aeruginosa PAO1;;
VFG001215_fwd;VFG001215_rev;VFG001215_probe;fimT;134;type 4 fimbrial biogenesis protein FimT;Pseudomonas aeruginosa PAO1;;
VFG001216_fwd;VFG001216_rev;VFG001216_probe;fimU;117;type 4 fimbrial biogenesis protein FimU;Pseudomonas aeruginosa PAO1;;
VFG001217_fwd;VFG001217_rev;VFG001217_probe;pilF;101;type 4 fimbrial biogenesis protein PilF;Pseudomonas aeruginosa PAO1;;
VFG001218_fwd;VFG001218_rev;VFG001218_probe;pilQ;112;type 4 fimbrial biogenesis protein PilQ;Pseudomonas aeruginosa PAO1;;
VFG001219_fwd;VFG001219_rev;VFG001219_probe;pilP;92;type IV pilus biogenesis protein PilP;Pseudomonas aeruginosa PAO1;;
VFG001220_fwd;VFG001220_rev;VFG001220_probe;pilO;139;type IV pilus inner membrane platform protein PilO;Pseudomonas aeruginosa PAO1;;
VFG001221_fwd;VFG001221_rev;VFG001221_probe;pilN;112;type IV pilus inner membrane platform protein PilN;Pseudomonas aeruginosa PAO1;;
VFG001222_fwd;VFG001222_rev;VFG001222_probe;pilM;133;type IV pilus inner membrane platform protein PilM;Pseudomonas aeruginosa PAO1;;
VFG001223_fwd;VFG001223_rev;VFG001223_probe;pilT;119;twitching motility protein PilT;Pseudomonas aeruginosa PAO1;;
VFG001224_fwd;VFG001224_rev;VFG001224_probe;pilU;102;twitching motility protein PilU;Pseudomonas aeruginosa PAO1;;
VFG001225_fwd;VFG001225_rev;VFG001225_probe;pilG;92;twitching motility protein PilG;Pseudomonas aeruginosa PAO1;;
VFG001226_fwd;VFG001226_rev;VFG001226_probe;pilH;107;twitching motility protein PilH;Pseudomonas aeruginosa PAO1;;
VFG001227_fwd;VFG001227_rev;VFG001227_probe;pilI;145;twitching motility protein PilI;Pseudomonas aeruginosa PAO1;;
VFG001228_fwd;VFG001228_rev;VFG001228_probe;pilJ;80;twitching motility protein PilJ;Pseudomonas aeruginosa PAO1;;
VFG001229_fwd;VFG001229_rev;VFG001229_probe;pilK;111;methyltransferase PilK;Pseudomonas aeruginosa PAO1;;
VFG001230_fwd;VFG001230_rev;VFG001230_probe;fimV;117;putative Type IV pili related protein;Pseudomonas aeruginosa PAO1;;
VFG001231_fwd;VFG001231_rev;VFG001231_probe;chpA;118;still frameshift probable component of chemotactic signal transduction system;Pseudomonas aeruginosa PAO1;;
VFG001232_fwd;VFG001232_rev;VFG001232_probe;chpB;89;probable methylesterase;Pseudomonas aeruginosa PAO1;;
VFG001233_fwd;VFG001233_rev;VFG001233_probe;chpC;91;probable chemotaxis protein;Pseudomonas aeruginosa PAO1;;
VFG001234_fwd;VFG001234_rev;VFG001234_probe;chpD;121;probable transcriptional regulator;Pseudomonas aeruginosa PAO1;;
VFG001235_fwd;VFG001235_rev;VFG001235_probe;chpE;78;probable chemotaxis protein;Pseudomonas aeruginosa PAO1;;
VFG001236_fwd;VFG001236_rev;VFG001236_probe;flgC;98;flagellar basal-body rod protein FlgC;Pseudomonas aeruginosa PAO1;;
VFG001237_fwd;VFG001237_rev;VFG001237_probe;flgD;124;flagellar basal-body rod modification protein FlgD;Pseudomonas aeruginosa PAO1;;
VFG001238_fwd;VFG001238_rev;VFG001238_probe;flgE;103;flagellar hook protein FlgE;Pseudomonas aeruginosa PAO1;;
VFG001239_fwd;VFG001239_rev;VFG001239_probe;flgF;84;flagellar basal-body rod protein FlgF;Pseudomonas aeruginosa PAO1;;
VFG001240_fwd;VFG001240_rev;VFG001240_probe;flgG;104;flagellar basal-body rod protein FlgG;Pseudomonas aeruginosa PAO1;;
VFG001241_fwd;VFG001241_rev;VFG001241_probe;flgH;82;flagellar L-ring protein precursor FlgH;Pseudomonas aeruginosa PAO1;;
VFG001242_fwd;VFG001242_rev;VFG001242_probe;flgI;107;flagellar P-ring protein precursor FlgI;Pseudomonas aeruginosa PAO1;;
VFG001243_fwd;VFG001243_rev;VFG001243_probe;flgJ;148;flagellar rod assembly protein/muramidase FlgJ;Pseudomonas aeruginosa PAO1;;
VFG001244_fwd;VFG001244_rev;VFG001244_probe;flgK;152;flagellar hook-associated protein 1 FlgK;Pseudomonas aeruginosa PAO1;;
VFG001245_fwd;VFG001245_rev;VFG001245_probe;flgL;158;flagellar hook-associated protein 3 FlgL;Pseudomonas aeruginosa PAO1;;
VFG001246_fwd;VFG001246_rev;VFG001246_probe;fliC;116;B-type flagellin;Pseudomonas aeruginosa PAO1;;
VFG001247_fwd;VFG001247_rev;VFG001247_probe;fliD;145;flagellar capping protein FliD;Pseudomonas aeruginosa PAO1;;
VFG001248_fwd;VFG001248_rev;VFG001248_probe;fleQ;124;transcriptional regulator FleQ;Pseudomonas aeruginosa PAO1;;
VFG001249_fwd;VFG001249_rev;VFG001249_probe;fleR;146;two-component response regulator;Pseudomonas aeruginosa PAO1;;
VFG001250_fwd;VFG001250_rev;VFG001250_probe;fliE;85;flagellar hook-basal body complex protein FliE;Pseudomonas aeruginosa PAO1;;
VFG001251_fwd;VFG001251_rev;VFG001251_probe;fliF;124;flagellar M-ring protein FliF;Pseudomonas aeruginosa PAO1;;
VFG001252_fwd;VFG001252_rev;VFG001252_probe;fliG;129;flagellar motor switch protein G;Pseudomonas aeruginosa PAO1;;
VFG001253_fwd;VFG001253_rev;VFG001253_probe;fliH;131;flagellar assembly protein H;Pseudomonas aeruginosa PAO1;;
VFG001254_fwd;VFG001254_rev;VFG001254_probe;fliI;188;flagellum-specific ATP synthase FliI;Pseudomonas aeruginosa PAO1;;
VFG001255_fwd;VFG001255_rev;VFG001255_probe;fliJ;123;flagellar protein FliJ;Pseudomonas aeruginosa PAO1;;
VFG001256_fwd;VFG001256_rev;VFG001256_probe;fliM;83;flagellar motor switch protein FliM;Pseudomonas aeruginosa PAO1;;
VFG001257_fwd;VFG001257_rev;VFG001257_probe;fliN;162;flagellar motor switch protein FliN;Pseudomonas aeruginosa PAO1;;
VFG001258_fwd;VFG001258_rev;VFG001258_probe;fliO;117;flagellar protein FliO;Pseudomonas aeruginosa PAO1;;
VFG001259_fwd;VFG001259_rev;VFG001259_probe;fliP;85;flagellar biosynthetic protein FliP;Pseudomonas aeruginosa PAO1;;
VFG001260_fwd;VFG001260_rev;VFG001260_probe;fliQ;124;flagellar biosynthetic protein FliQ;Pseudomonas aeruginosa PAO1;;
VFG001261_fwd;VFG001261_rev;VFG001261_probe;fliR;113;flagellar biosynthetic protein FliR;Pseudomonas aeruginosa PAO1;;
VFG001262_fwd;VFG001262_rev;VFG001262_probe;flhB;121;flagellar biosynthetic protein FlhB;Pseudomonas aeruginosa PAO1;;
VFG001263_fwd;VFG001263_rev;VFG001263_probe;flhA;92;flagellar biosynthesis protein FlhA;Pseudomonas aeruginosa PAO1;;
VFG001264_fwd;VFG001264_rev;VFG001264_probe;flhF;112;flagellar biosynthesis protein FlhF;Pseudomonas aeruginosa PAO1;;
VFG001265_fwd;VFG001265_rev;VFG001265_probe;fleN;108;flagellar synthesis regulator FleN;Pseudomonas aeruginosa PAO1;;
VFG001273_fwd;VFG001273_rev;VFG001273_probe;hlgA;131;gamma-hemolysin chain II precursor;Staphylococcus aureus subsp. aureus MW2;;
VFG001274_fwd;VFG001274_rev;VFG001274_probe;hlgC;119;gamma-hemolysin component C;Staphylococcus aureus subsp. aureus MW2;Staphylococcus aureus subsp. aureus MW2;gamma-hemolysin component C
VFG001275_fwd;VFG001275_rev;VFG001275_probe;hlgB;128;gamma-hemolysin component B;Staphylococcus aureus subsp. aureus MW2;;
VFG001276_fwd;VFG001276_rev;VFG001276_probe;lukF-PV;126;Panton-Valentine leukocidin chain F precursor;Staphylococcus aureus subsp. aureus MW2;;
VFG001277_fwd;VFG001277_rev;VFG001277_probe;lukS-PV;99;Panton-Valentine leukocidin chain S precursor;Staphylococcus aureus subsp. aureus MW2;;
VFG001278_fwd;VFG001278_rev;VFG001278_probe;ebp;106;cell surface elastin binding protein;Staphylococcus aureus subsp. aureus MW2;;
VFG001279_fwd;VFG001279_rev;VFG001279_probe;sdrC;163;Ser-Asp rich fibrinogen-binding bone sialoprotein-binding protein;Staphylococcus aureus subsp. aureus MW2;;
VFG001280_fwd;VFG001280_rev;VFG001280_probe;sdrD;114;Ser-Asp rich fibrinogen-binding bone sialoprotein-binding protein;Staphylococcus aureus subsp. aureus MW2;;
VFG001281_fwd;VFG001281_rev;VFG001281_probe;sdrE;134;Ser-Asp rich fibrinogen-binding bone sialoprotein-binding protein;Staphylococcus aureus subsp. aureus MW2;;
VFG001283_fwd;VFG001283_rev;VFG001283_probe;fnbA;136;fibronectin-binding protein A;Staphylococcus aureus subsp. aureus MW2;;
VFG001284_fwd;VFG001284_rev;VFG001284_probe;icaR;143;ica operon transcriptional regulator IcaR;Staphylococcus aureus subsp. aureus MW2;;
VFG001285_fwd;VFG001285_rev;VFG001285_probe;icaA;145;N-acetylglucosaminyltransferase, involved in polysaccharide intercellular adhesin(PIA) synthesis;Staphylococcus aureus subsp. aureus MW2;;
VFG001286_fwd;VFG001286_rev;VFG001286_probe;icaD;136;intercellular adhesion protein D, involved in polysaccharide intercellular adhesin(PIA) synthesis;Staphylococcus aureus subsp. aureus MW2;;
VFG001287_fwd;VFG001287_rev;VFG001287_probe;icaB;156;N-deacetylase, involved in polysaccharide intercellular adhesin(PIA) synthesis;Staphylococcus aureus subsp. aureus MW2;;
VFG001288_fwd;VFG001288_rev;VFG001288_probe;icaC;137;intercellular adhesion protein C, involved in polysaccharide intercellular adhesin(PIA) synthesis;Staphylococcus aureus subsp. aureus MW2;Staphylococcus aureus subsp. aureus MW2;intercellular adhesion protein C, involved in polysaccharide intercellular adhesin(PIA) synthesis
VFG001289_fwd;VFG001289_rev;VFG001289_probe;clfA;99;Clumping factor A, fibrinogen-binding protein;Staphylococcus aureus subsp. aureus MW2;;
VFG001290_fwd;VFG001290_rev;VFG001290_probe;clfB;147;Clumping factor B, adhesin;Staphylococcus aureus subsp. aureus MW2;;
VFG001291_fwd;VFG001291_rev;VFG001291_probe;cna;113;collagen adhesin precursor;Staphylococcus aureus subsp. aureus MW2;;
VFG001292_fwd;VFG001292_rev;VFG001292_probe;hld;104;delta-hemolysin;Staphylococcus aureus subsp. aureus MW2;;
VFG001293_fwd;VFG001293_rev;VFG001293_probe;hly/hla;125;Alpha-Hemolysin precursor;Staphylococcus aureus subsp. aureus MW2;;
VFG001294_fwd;VFG001294_rev;VFG001294_probe;sspC;158;Staphostatin B;Staphylococcus aureus subsp. aureus MW2;;
VFG001295_fwd;VFG001295_rev;VFG001295_probe;sspB;144;staphopain cysteine proteinase SspB;Staphylococcus aureus subsp. aureus MW2;;
VFG001296_fwd;VFG001296_rev;VFG001296_probe;sspA;122;serine protease, V8 protease, glutamyl endopeptidase;Staphylococcus aureus subsp. aureus MW2;;
VFG001313_fwd;VFG001313_rev;VFG001313_probe;spa;146;Immunoglobulin G binding protein A precursor;Staphylococcus aureus subsp. aureus MW2;;
VFG001314_fwd;VFG001314_rev;VFG001314_probe;aur;125;zinc metalloproteinase aureolysin;Staphylococcus aureus subsp. aureus MW2;;
VFG001315_fwd;VFG001315_rev;VFG001315_probe;hysA;96;hyaluronate lyase precursor;Staphylococcus aureus subsp. aureus MW2;;
VFG001316_fwd;VFG001316_rev;VFG001316_probe;geh;139;glycerol ester hydrolase;Staphylococcus aureus subsp. aureus MW2;;
VFG001325_fwd;VFG001325_rev;VFG001325_probe;sea;134;staphylococcal enterotoxin A precursor;Staphylococcus aureus subsp. aureus MW2;;
VFG001326_fwd;VFG001326_rev;VFG001326_probe;selq;132;staphylococcal enterotoxin G precursor;Staphylococcus aureus subsp. aureus MW2;;
VFG001327_fwd;VFG001327_rev;VFG001327_probe;selk;141;staphylococcal enterotoxin K precursor;Staphylococcus aureus subsp. aureus MW2;;
VFG001328_fwd;VFG001328_rev;VFG001328_probe;sak;103;Staphylokinase precursor;Staphylococcus aureus subsp. aureus MW2;Staphylococcus aureus subsp. aureus MW2;Staphylokinase precursor
VFG001330_fwd;VFG001330_rev;VFG001330_probe;lmb;142;laminin-binding surface protein;Streptococcus agalactiae 2603V/R (serotype V);;
VFG001333_fwd;VFG001333_rev;VFG001333_probe;cfa/cfb;109;cAMP factor;Streptococcus agalactiae 2603V/R (serotype V);;
VFG001334_fwd;VFG001334_rev;VFG001334_probe;hylB;105;hyaluronidase;Streptococcus agalactiae 2603V/R (serotype V);;
VFG001335_fwd;VFG001335_rev;VFG001335_probe;neuA;179;CMP-N-acetylneuraminic acid synthetase NeuA;Streptococcus agalactiae 2603V/R (serotype V);;
VFG001336_fwd;VFG001336_rev;VFG001336_probe;neuD;127;neuD protein;Streptococcus agalactiae 2603V/R (serotype V);;
VFG001337_fwd;VFG001337_rev;VFG001337_probe;neuC;102;UDP-N-acetylglucosamine-2-epimerase NeuC;Streptococcus agalactiae 2603V/R (serotype V);;
VFG001338_fwd;VFG001338_rev;VFG001338_probe;neuB;151;N-acetyl neuramic acid synthetase NeuB;Streptococcus agalactiae 2603V/R (serotype V);;
VFG001339_fwd;VFG001339_rev;VFG001339_probe;cpsL;169;polysaccharide biosynthesis protein CpsL;Streptococcus agalactiae 2603V/R (serotype V);;
VFG001340_fwd;VFG001340_rev;VFG001340_probe;cpsK;95;polysaccharide biosynthesis protein CpsK(V);Streptococcus agalactiae 2603V/R (serotype V);;
VFG001341_fwd;VFG001341_rev;VFG001341_probe;cpsJ;104;glycosyl transferase CpsJ(V);Streptococcus agalactiae 2603V/R (serotype V);;
VFG001342_fwd;VFG001342_rev;VFG001342_probe;cpsO;142;glycosyl transferase CpsO(V);Streptococcus agalactiae 2603V/R (serotype V);;
VFG001343_fwd;VFG001343_rev;VFG001343_probe;cpsN;120;glycosyl transferase CpsN(V);Streptococcus agalactiae 2603V/R (serotype V);;
VFG001344_fwd;VFG001344_rev;VFG001344_probe;cpsM;106;polysaccharide biosynthesis protein CpsM(V);Streptococcus agalactiae 2603V/R (serotype V);;
VFG001345_fwd;VFG001345_rev;VFG001345_probe;cpsH;150;polysaccharide biosynthesis protein cpsH(V);Streptococcus agalactiae 2603V/R (serotype V);;
VFG001346_fwd;VFG001346_rev;VFG001346_probe;cpsG;139;glycosyl transferase CpsG(V);Streptococcus agalactiae 2603V/R (serotype V);;
VFG001347_fwd;VFG001347_rev;VFG001347_probe;cpsF;94;polysaccharide biosynthesis protein CpsF;Streptococcus agalactiae 2603V/R (serotype V);;
VFG001348_fwd;VFG001348_rev;VFG001348_probe;cpsE;108;glycosyl transferase CpsE;Streptococcus agalactiae 2603V/R (serotype V);;
VFG001349_fwd;VFG001349_rev;VFG001349_probe;cpsD;125;CpsD autokinase;Streptococcus agalactiae 2603V/R (serotype V);;
VFG001350_fwd;VFG001350_rev;VFG001350_probe;cpsC;128;CpsC protein;Streptococcus agalactiae 2603V/R (serotype V);;
VFG001351_fwd;VFG001351_rev;VFG001351_probe;cpsB;120;CpsB phosphatase;Streptococcus agalactiae 2603V/R (serotype V);;
VFG001352_fwd;VFG001352_rev;VFG001352_probe;cpsA;118;CpsA responsible for transfer of CPS from the membrane lipid to the cell wall peptidoglycan;Streptococcus agalactiae 2603V/R (serotype V);;
VFG001353_fwd;VFG001353_rev;VFG001353_probe;cbpG;114;choline binding protein G;Streptococcus pneumoniae TIGR4 (serotype 4);;
VFG001354_fwd;VFG001354_rev;VFG001354_probe;pce;123;choline binding protein E;Streptococcus pneumoniae TIGR4 (serotype 4);;
VFG001355_fwd;VFG001355_rev;VFG001355_probe;cbpD;158;choline binding protein D;Streptococcus pneumoniae TIGR4 (serotype 4);Streptococcus pneumoniae TIGR4 (serotype 4);choline binding protein D
VFG001356_fwd;VFG001356_rev;VFG001356_probe;lytB;135;endo-beta-N-acetylglucosaminidase;Streptococcus pneumoniae TIGR4 (serotype 4);;
VFG001357_fwd;VFG001357_rev;VFG001357_probe;cbpA;125;choline binding protein A;Streptococcus pneumoniae TIGR4 (serotype 4);;
VFG001358_fwd;VFG001358_rev;VFG001358_probe;lytA;112;autolysin;Streptococcus pneumoniae TIGR4 (serotype 4);;
VFG001360_fwd;VFG001360_rev;VFG001360_probe;nanB;133;neuraminidase B;Streptococcus pneumoniae TIGR4 (serotype 4);;
VFG001363_fwd;VFG001363_rev;VFG001363_probe;ply;101;pneumolysin;Streptococcus pneumoniae TIGR4 (serotype 4);;
VFG001365_fwd;VFG001365_rev;VFG001365_probe;cps4A;115;capsular polysaccharide biosynthesis protein Cps4A;Streptococcus pneumoniae TIGR4 (serotype 4);;
VFG001366_fwd;VFG001366_rev;VFG001366_probe;cps4B;106;capsular polysaccharide biosynthesis protein Cps4B;Streptococcus pneumoniae TIGR4 (serotype 4);;
VFG001368_fwd;VFG001368_rev;VFG001368_probe;cps4D;156;capsular polysaccharide biosynthesis protein Cps4D;Streptococcus pneumoniae TIGR4 (serotype 4);;
VFG001375_fwd;VFG001375_rev;VFG001375_probe;cps4K;116;capsular polysaccharide biosynthesis protein Cps4K;Streptococcus pneumoniae TIGR4 (serotype 4);;
VFG001376_fwd;VFG001376_rev;VFG001376_probe;cps4L;124;UDP-N-acetylglucosamine 2-epimerase;Streptococcus pneumoniae TIGR4 (serotype 4);;
VFG001377_fwd;VFG001377_rev;VFG001377_probe;lytC;139;1,4-beta-N-acetylmuramidase;Streptococcus pneumoniae R6;Streptococcus pneumoniae R6;1,4-beta-N-acetylmuramidase
VFG001378_fwd;VFG001378_rev;VFG001378_probe;nanA;150;neuraminidase A;Streptococcus pneumoniae R6;;
VFG001381_fwd;VFG001381_rev;VFG001381_probe;icl;157;Isocitrate lyase Icl (isocitrase) (isocitratase);Mycobacterium tuberculosis H37Rv;Mycobacterium tuberculosis H37Rv;Isocitrate lyase Icl (isocitrase) (isocitratase)
VFG001383_fwd;VFG001383_rev;VFG001383_probe;hbhA;109;iron-regulated heparin binding hemagglutinin hbhA (adhesin);Mycobacterium tuberculosis H37Rv;;
VFG001386_fwd;VFG001386_rev;VFG001386_probe;phoP;148;Possible two component system response transcriptional positive regulator PhoP;Mycobacterium tuberculosis H37Rv;;
VFG001393_fwd;VFG001393_rev;VFG001393_probe;mbtM;146;Probable fatty acyl-AMP ligase MbtM;Mycobacterium tuberculosis H37Rv;;
VFG001397_fwd;VFG001397_rev;VFG001397_probe;hspX;117;Heat shock protein HspX (alpha-crystallin homolog) (14 kDa antigen) (HSP16.3);Mycobacterium tuberculosis H37Rv;;
VFG001406_fwd;VFG001406_rev;VFG001406_probe;ideR;72;Iron-dependent repressor and activator IdeR;Mycobacterium tuberculosis H37Rv;Mycobacterium tuberculosis H37Rv;Iron-dependent repressor and activator IdeR
VFG001415_fwd;VFG001415_rev;VFG001415_probe;lipF;98;Probable esterase/lipase LipF;Mycobacterium tuberculosis H37Rv;;
VFG001419_fwd;VFG001419_rev;VFG001419_probe;fbpA;99;Secreted antigen 85-a FbpA (mycolyl transferase 85A) (fibronectin-binding protein A) (antigen 85 complex A);Mycobacterium tuberculosis H37Rv;;
VFG001420_fwd;VFG001420_rev;VFG001420_probe;erp;147;exported repetitive protein precursor Erp;Mycobacterium tuberculosis H37Rv;;
VFG001447_fwd;VFG001447_rev;VFG001447_probe;cnf1;94;cytotoxic necrotizing factor 1;Escherichia coli str. E-B35;;
VFG001534_fwd;VFG001534_rev;VFG001534_probe;efa1;127;EHEC factor for adherence;Escherichia coli O111:H- str. E45035 (EHEC);;
VFG001798_fwd;VFG001798_rev;VFG001798_probe;hlb;111;beta-hemolysin;Staphylococcus aureus subsp. aureus COL;;
VFG001799_fwd;VFG001799_rev;VFG001799_probe;map;116;extracellular proteins Map;Staphylococcus aureus str. Newman D2C (ATCC 25904);;
VFG001802_fwd;VFG001802_rev;VFG001802_probe;seb;179;staphylococcal enterotoxin B;Staphylococcus aureus S6;;
VFG001807_fwd;VFG001807_rev;VFG001807_probe;sed;147;staphylococcal enterotoxin D precursor;Staphylococcus aureus RN4220;;
VFG001809_fwd;VFG001809_rev;VFG001809_probe;tsst-1;106;toxic shock syndrome toxin-1;Staphylococcus aureus subsp. aureus N315;;
VFG001811_fwd;VFG001811_rev;VFG001811_probe;fbpC;121;Secreted antigen 85-C FbpC (85C) (antigen 85 complex C) (AG58C) (mycolyl transferase 85C) (fibronectin-binding protein C);Mycobacterium tuberculosis H37Rv;;
VFG001812_fwd;VFG001812_rev;VFG001812_probe;fbpB;129;Secreted antigen 85-B FbpB (85B) (antigen 85 complex B) (mycolyl transferase 85B) (fibronectin-binding protein B) (extracellular alpha-antigen);Mycobacterium tuberculosis H37Rv;;
VFG001826_fwd;VFG001826_rev;VFG001826_probe;relA;105;Probable GTP pyrophosphokinase RelA (ATP:GTP 3'-pyrophosphotransferase) (PPGPP synthetase I) ((P)PPGPP synthetase) (GTP diphosphokinase);Mycobacterium tuberculosis H37Rv;;
VFG001830_fwd;VFG001830_rev;VFG001830_probe;icmT;119;Dot/Icm type IV secretion system protein IcmT;Legionella pneumophila subsp. pneumophila str. Philadelphia 1;;
VFG001837_fwd;VFG001837_rev;VFG001837_probe;icmL/dotI;90;Dot/Icm type IV secretion system inner membrane complex IcmL/DotI;Legionella pneumophila subsp. pneumophila str. Philadelphia 1;;
VFG001840_fwd;VFG001840_rev;VFG001840_probe;icmG/dotF;132;Dot/Icm type IV secretion system core complex protein IcmG/DotF;Legionella pneumophila subsp. pneumophila str. Philadelphia 1;;
VFG001841_fwd;VFG001841_rev;VFG001841_probe;icmC/dotE;156;Dot/Icm type IV secretion system protein IcmC/DotE;Legionella pneumophila subsp. pneumophila str. Philadelphia 1;;
VFG001852_fwd;VFG001852_rev;VFG001852_probe;icmW;111;Dot/Icm type IV secretion system chaperone IcmW;Legionella pneumophila subsp. pneumophila str. Philadelphia 1;;
VFG001864_fwd;VFG001864_rev;VFG001864_probe;mip;139;macrophage infectivity potentiator Mip;Legionella pneumophila subsp. pneumophila str. Philadelphia 1;;
VFG001876_fwd;VFG001876_rev;VFG001876_probe;lspE;111;general secretion pathway protein E;Legionella pneumophila subsp. pneumophila str. Philadelphia 1;;
VFG001877_fwd;VFG001877_rev;VFG001877_probe;lspD;126;general secretion pathway protein D;Legionella pneumophila subsp. pneumophila str. Philadelphia 1;;
VFG002037_fwd;VFG002037_rev;VFG002037_probe;eltA;108;heat-labile enterotoxin A prepeptide (from human);Escherichia coli (ETEC);;
VFG002038_fwd;VFG002038_rev;VFG002038_probe;eltB;107;enterotoxin subunit B (from human);Escherichia coli (ETEC);;
VFG002121_fwd;VFG002121_rev;VFG002121_probe;nleA/espI;128;Type III secretion system effector NleA;Escherichia coli O157:H7 str. EDL933 (EHEC);;
VFG002122_fwd;VFG002122_rev;VFG002122_probe;nleC;117;Type III secretion system effector NleC,  zinc metalloprotease;Escherichia coli O157:H7 str. EDL933 (EHEC);;
VFG002123_fwd;VFG002123_rev;VFG002123_probe;nleD;149;Type III secretion system effector NleD;Escherichia coli O157:H7 str. EDL933 (EHEC);;
VFG002157_fwd;VFG002157_rev;VFG002157_probe;lpeA;132;lipoprotein promoting cell invasion;Listeria monocytogenes EGD-e (serovar 1/2a);;
VFG002159_fwd;VFG002159_rev;VFG002159_probe;aut;131;autolysin;Listeria monocytogenes EGD-e (serovar 1/2a);;
VFG002164_fwd;VFG002164_rev;VFG002164_probe;prgB/asc10_EF0485_asa1;116;aggregation substance PrgB/Asc10;Enterococcus faecalis V583;;
VFG002165_fwd;VFG002165_rev;VFG002165_probe;efaA;146;endocarditis specific antigen;Enterococcus faecalis V583;;
VFG002166_fwd;VFG002166_rev;VFG002166_probe;ace;133;collagen adhesin protein;Enterococcus faecalis V583;;
VFG002171_fwd;VFG002171_rev;VFG002171_probe;EF0149;117;aggregation substance;Enterococcus faecalis V583;;
VFG002175_fwd;VFG002175_rev;VFG002175_probe;cylR1;109;cytolysin regulator R1;Enterococcus faecalis str. MMH594;;
VFG002176_fwd;VFG002176_rev;VFG002176_probe;cylB;141;ABC-type transporter;Enterococcus faecalis str. MMH594;;
VFG002177_fwd;VFG002177_rev;VFG002177_probe;cylA;136;cytolysin activator;Enterococcus faecalis str. MMH594;;
VFG002178_fwd;VFG002178_rev;VFG002178_probe;cylI;127;cytolysin immunity protein;Enterococcus faecalis str. MMH594;;
VFG002274_fwd;VFG002274_rev;VFG002274_probe;plc;117;phospholipase C;Clostridium perfringens str. 13;;
VFG002287_fwd;VFG002287_rev;VFG002287_probe;toxA;172;toxin A;Clostridium difficile 630;;
VFG002288_fwd;VFG002288_rev;VFG002288_probe;toxB;127;toxin B;Clostridium difficile 630;;
VFG002297_fwd;VFG002297_rev;VFG002297_probe;bont/a;109;neurotoxin A;Clostridium botulinum Hall 183 (A391);;
VFG002304_fwd;VFG002304_rev;VFG002304_probe;misL;106;putative autotransporter;Salmonella enterica subsp. enterica serovar Typhimurium str. LT2;;
VFG002305_fwd;VFG002305_rev;VFG002305_probe;shdA;125;AIDA autotransporter-like protein;Salmonella enterica subsp. enterica serovar Typhimurium str. LT2;;
VFG002306_fwd;VFG002306_rev;VFG002306_probe;ratB;99;putative outer membrane protein;Salmonella enterica subsp. enterica serovar Typhimurium str. LT2;;
VFG002307_fwd;VFG002307_rev;VFG002307_probe;sinH;145;intimin-like protein;Salmonella enterica subsp. enterica serovar Typhimurium str. LT2;;
VFG002412_fwd;VFG002412_rev;VFG002412_probe;yagY/ecpB;154;E. coli common pilus chaperone EcpB;Escherichia coli O157:H7 str. EDL933 (EHEC);;
VFG002413_fwd;VFG002413_rev;VFG002413_probe;ykgK/ecpR;93;regulator protein EcpR;Escherichia coli O157:H7 str. EDL933 (EHEC);;
VFG002414_fwd;VFG002414_rev;VFG002414_probe;yagZ/ecpA;92;E. coli common pilus structural subunit EcpA;Escherichia coli O157:H7 str. EDL933 (EHEC);;
VFG002415_fwd;VFG002415_rev;VFG002415_probe;yagX/ecpC;135;E. coli common pilus usher EcpC;Escherichia coli O157:H7 str. EDL933 (EHEC);;
VFG002416_fwd;VFG002416_rev;VFG002416_probe;yagW/ecpD;130;polymerized tip adhesin of ECP fibers;Escherichia coli O157:H7 str. EDL933 (EHEC);;
VFG002417_fwd;VFG002417_rev;VFG002417_probe;yagV/ecpE;104;E. coli common pilus chaperone EcpE;Escherichia coli O157:H7 str. EDL933 (EHEC);;
VFG002418_fwd;VFG002418_rev;VFG002418_probe;vWbp;156;secreted von Willebrand factor-binding protein precursor;Staphylococcus aureus subsp. aureus str. Newman;;
VFG002420_fwd;VFG002420_rev;VFG002420_probe;adsA;124;Adenosine synthase A;Staphylococcus aureus subsp. aureus MW2;;
VFG002421_fwd;VFG002421_rev;VFG002421_probe;sbi;137;IgG-binding protein SBI;Staphylococcus aureus subsp. aureus MW2;;
VFG002422_fwd;VFG002422_rev;VFG002422_probe;chp;158;chemotaxis-inhibiting protein CHIPS;Staphylococcus aureus subsp. aureus str. Newman;;
VFG002423_fwd;VFG002423_rev;VFG002423_probe;scn;174;complement inhibitor SCIN;Staphylococcus aureus subsp. aureus str. Newman;;
VFG005197_fwd;VFG005197_rev;VFG005197_probe;pavA;107;Fibronectin-binding protein-like protein A;Streptococcus pneumoniae R6;;
VFG005215_fwd;VFG005215_rev;VFG005215_probe;fbsB;126;Fibrinogen-binding surface protein B;Streptococcus agalactiae NEM316 (serotype III);;
VFG005277_fwd;VFG005277_rev;VFG005277_probe;gbs0628;130;major subunit protein;Streptococcus agalactiae NEM316 (serotype III);;
VFG005283_fwd;VFG005283_rev;VFG005283_probe;gbs0630;111;class C sortase;Streptococcus agalactiae NEM316 (serotype III);;
VFG005286_fwd;VFG005286_rev;VFG005286_probe;gbs0631;131;class C sortase;Streptococcus agalactiae NEM316 (serotype III);;
VFG005289_fwd;VFG005289_rev;VFG005289_probe;gbs0632;149;tip adhesin protein;Streptococcus agalactiae NEM316 (serotype III);;
VFG005291_fwd;VFG005291_rev;VFG005291_probe;pilC;136;minor subunit PilC;Streptococcus agalactiae NEM316 (serotype III);;
VFG005293_fwd;VFG005293_rev;VFG005293_probe;srtC4;160;class C sortase;Streptococcus agalactiae NEM316 (serotype III);;
VFG005297_fwd;VFG005297_rev;VFG005297_probe;pilB;124;major subunit PilB;Streptococcus agalactiae NEM316 (serotype III);;
VFG005299_fwd;VFG005299_rev;VFG005299_probe;pilA;116;tip adhesin PilA;Streptococcus agalactiae NEM316 (serotype III);;
VFG005301_fwd;VFG005301_rev;VFG005301_probe;rrgA;150;cell wall surface anchor family protein, pilus tip adhesin RrgA;Streptococcus pneumoniae TIGR4 (serotype 4);;
VFG005303_fwd;VFG005303_rev;VFG005303_probe;rrgB;117;cell wall surface anchor family protein, major pilin RrgB;Streptococcus pneumoniae TIGR4 (serotype 4);;
VFG005305_fwd;VFG005305_rev;VFG005305_probe;rrgC;136;cell wall surface anchor family protein, minor pili RrgC;Streptococcus pneumoniae TIGR4 (serotype 4);;
VFG005307_fwd;VFG005307_rev;VFG005307_probe;srtC-1/srtB;119;sortase;Streptococcus pneumoniae TIGR4 (serotype 4);;
VFG005308_fwd;VFG005308_rev;VFG005308_probe;srtC-2/srtC;134;sortase;Streptococcus pneumoniae TIGR4 (serotype 4);;
VFG005310_fwd;VFG005310_rev;VFG005310_probe;srtC-3/srtD;104;sortase;Streptococcus pneumoniae TIGR4 (serotype 4);;
VFG032845_fwd;VFG032845_rev;VFG032845_probe;gtcA;114;wall teichoic acid glycosylation protein GtcA;Listeria monocytogenes EGD-e (serovar 1/2a);;
VFG037136_fwd;VFG037136_rev;VFG037136_probe;fHbp;105;factor H binding protein;Neisseria meningitidis MC58 (serogroup B);;
VFG037153_fwd;VFG037153_rev;VFG037153_probe;nspA;92;neisserial surface protein A;Neisseria meningitidis MC58 (serogroup B);;
VFG042218_fwd;VFG042218_rev;VFG042218_probe;cif;151;Type III secretion system effector Cif, cyclomodulin;Escherichia coli O26 str. C/15333 (EPEC (bovine));;
VFG042968_fwd;VFG042968_rev;VFG042968_probe;fctA;134;major pilin FctA;Streptococcus pyogenes MGAS5005 (serotype M1);;
VFG042971_fwd;VFG042971_rev;VFG042971_probe;pitA;123;minor pilin PitA;Streptococcus pneumoniae Taiwan19F-14;;
VFG042972_fwd;VFG042972_rev;VFG042972_probe;sipA;119;signal peptidase I;Streptococcus pneumoniae Taiwan19F-14;;
VFG042973_fwd;VFG042973_rev;VFG042973_probe;pitB;109;major pilin PitB;Streptococcus pneumoniae Taiwan19F-14;;
VFG042974_fwd;VFG042974_rev;VFG042974_probe;srtG1;152;sortase, SrtB family;Streptococcus pneumoniae Taiwan19F-14;;
VFG042975_fwd;VFG042975_rev;VFG042975_probe;srtG2;96;surface protein cell wall anchor, sortase_B family;Streptococcus pneumoniae Taiwan19F-14;;
VFG042976_fwd;VFG042976_rev;VFG042976_probe;ebpA;134;endocarditis and biofilm-associated pilus tip protein EbpA;Enterococcus faecalis V583;;
VFG042977_fwd;VFG042977_rev;VFG042977_probe;ebpB;134;endocarditis and biofilm-associated pilus minor subunit EbpB;Enterococcus faecalis V583;;
VFG042978_fwd;VFG042978_rev;VFG042978_probe;ebpC;155;endocarditis and biofilm-associated pilus major subunit EbpC;Enterococcus faecalis V583;;
VFG042979_fwd;VFG042979_rev;VFG042979_probe;srtC;116;sortase;Enterococcus faecalis V583;;
VFG043465_fwd;VFG043465_rev;VFG043465_probe;pfbA;176;cell wall surface anchor family protein, Plasminogen- and Fibronectin-binding protein A;Streptococcus pneumoniae R6;;
VFG043518_fwd;VFG043518_rev;VFG043518_probe;acm;128;collagen adhesin precursor Acm;Enterococcus faecium str. TX2555;;
VFG045328_fwd;VFG045328_rev;VFG045328_probe;east1_astA;104;EAST1;Escherichia coli ONT:HND str. A16 (EPEC (atypical));;
VFG045331_fwd;VFG045331_rev;VFG045331_probe;llsA;110;listeriolysin S;Listeria innocua SLCC6294;;
VFG045332_fwd;VFG045332_rev;VFG045332_probe;llsG;95;ABC transporter ATP-binding protein LlsG;Listeria innocua SLCC6294;;
VFG045333_fwd;VFG045333_rev;VFG045333_probe;llsH;142;ABC transporter permease protein LlsH;Listeria innocua SLCC6294;;
VFG045334_fwd;VFG045334_rev;VFG045334_probe;llsX;170;LlsX;Listeria innocua SLCC6294;;
VFG045335_fwd;VFG045335_rev;VFG045335_probe;llsB;145;SagB family dehydrogenase LlsB;Listeria innocua SLCC6294;;
VFG045336_fwd;VFG045336_rev;VFG045336_probe;llsY;116;LlsY;Listeria innocua SLCC6294;;
VFG045337_fwd;VFG045337_rev;VFG045337_probe;llsD;155;streptolysin-associated protein LlsD;Listeria innocua SLCC6294;;
VFG045338_fwd;VFG045338_rev;VFG045338_probe;llsP;166;CAAX amino terminal protease LlsP;Listeria innocua SLCC6294;;
VFG045339_fwd;VFG045339_rev;VFG045339_probe;nleA;149;non-LEE-encoded effector NleA;Escherichia coli C342-62 (EPEC);;
VFG045470_fwd;VFG045470_rev;VFG045470_probe;cylR2;120;cytolysin regulator R2;Enterococcus faecalis str. MMH594;;
VFG045472_fwd;VFG045472_rev;VFG045472_probe;cylL;83;CylL, cytolysin subunit;Enterococcus faecalis str. MMH594;;
VFG045473_fwd;VFG045473_rev;VFG045473_probe;cylS;86;CylS, cytolysin subunit;Enterococcus faecalis str. MMH594;;
VFG045474_fwd;VFG045474_rev;VFG045474_probe;cylM;136;CylM, cytolysin subunit modifier;Enterococcus faecalis str. MMH594;;
